_id,author_collect_nr,author_fans_nr,author_name,author_note_nr,comment_nr,content,datePublished,images,like_nr,url,user_url
653826e392db152759a2888d,834000,16000,baaaaaany,24,237,五一来上海吃啥！ 个人喜欢的带露台或者临街很漂亮的小酒馆分享给大家 基本上人均都差不多200左右 	 ▪️ POP露台餐厅与酒吧（p1、2） 之前还有午餐套餐的时候去的，一个人就花了100多，现在好像下架啦（餐厅周可以蹲套餐 	 ▪️ Apollo安福路 （p3、4） 西班牙小酒馆，口味真的褒贬不一。出餐不是特别稳定，有时候很好吃有时候一般，临街座位很舒服 	 ▪️ THE NEST(外滩店)（p5） 他们家略贵，人均500➕。露台不大但我真的很喜欢，他们家的调酒也很不错，吧台很漂亮 	 ▪TheCommuneSocial(江宁路店)（p6、7） 这家真的去了 5、6次了，院子很舒服 	 ▪️法国舅舅家小酒馆CHEZ JOJO(永嘉路店)（p8、9） 他们家真的很漂亮 	 ▪️️ChateauDionne红酒主题西餐厅（p10） 我们中午去吃的，点的不多所以人均不到300 	 ▪️ Alimentari Mulino(丰盛里店) 这家出了地铁口就能看到啦，张园那边也很好逛 	 ▪️ CASANOVA意大利餐厅(外滩店) 他们家拍外滩夜景真的很美哦 	 #每人一条五一安利 #上海美食 #上海餐厅露台 #上海旅游 #宝藏餐厅分享,2023-04-18T00:00:00.000Z,http://sns-webpic-qc.xhscdn.com/202310250340/b8202407bdcd220096ac0c8e0009c519/1000g0082c2l8ijkgu00049b0hq17l6nsh9d0tr8!nd_whgt34_webp_prv_1.jpg,14000,643e6f33000000000800f03e,58d1027a82ec397a3e8e9afc
653826e392db152759a2888e,1672000,72000,🥦花菜小姐,24,248,📍陕西南路上一家不起眼的bar 推开神秘的两道木门， 瞬间置身于一个在秘密森林氧吧里 昏暗的灯光下，零散的玻璃跟灯光的呯应 被随处可见的植物环绕，超有氛围感🌳 - 🔖酒单很神奇的只做植物特调 以花果叶为灵感，且标注了酸甜度以及酒精浓度 - 🍷『玫瑰贼』 见到它时就感叹，怎么有那么美的酒 这颜值和创意就值108了 甜中带酸 - 嗯~是爱情的味道 红酒酸涩加上玫瑰的清香 入口有糯米的香气 - 和姐妹去了那么多bar， 这家的氛围、灯光、和酒🍷真的都恰到好处 	 #上海魔都探店 #周末去哪儿 #上海酒吧 #发现宝藏小酒馆,2022-12-21T00:00:00.000Z,http://sns-webpic-qc.xhscdn.com/202310250340/a25132d5963d820aebe10eaeebf21ce2/1000g0081p3fhr70eg0004032rt23cde8a5dnq10!nd_whgt34_webp_prv_1.jpg,9412,63a2ff48000000001f000f71,54f9c4362e1d935e7c8435c8
653826e392db152759a2888f,222000,5278,babybunny,24,224,居然20+就能在上海喝到鸡尾酒 太幸福辣 #上海酒吧 #今夜来一杯微醺酒,2023-06-23T00:00:00.000Z,http://sns-webpic-qc.xhscdn.com/202310250340/4a56ec85f7277c3d5754ff636788b3c0/1000g0082mmtg8qkju0005oc39k941jh9g4fv328!nd_whgt34_webp_prv_1.jpg,7167,64958a5300000000130016c9,61834d12000000001000ce29
653826e392db152759a28890,3439000,65000,女侠已退休,24,224,1⃣️ 外滩8号bar💰88/杯 2⃣️沙美大楼 💰120/杯 3⃣️布达佩斯bar💰45/杯 4⃣️塞纳河畔bar💰33-98/杯 5⃣️帽子酒吧🎩💰100/杯 #上海探店 #上海酒吧 #上海旅游攻略,2023-04-25T00:00:00.000Z,http://sns-webpic-qc.xhscdn.com/202310250340/23bbc618b9b3a586d6463f21c331627e/1000g0082d2lsugago05g492ma8l9kc0vndod610!nd_whgt34_webp_prv_1.jpg,6929,6446a7d90000000013015eb3,58862a9a5e87e777f73b301f
653826e392db152759a28891,20000,290,二愣酷憨憨,24,192,假装在巴黎	误入莎士比亚书店 白天是一家咖啡店 晚上九点会有乐队/歌手驻唱，变成酒吧模式 🏠1691cafe&amp;bar 📍上海市静安区奉贤路218号4F 不仅仅是复古的cafe&amp;bar也是超有氛围感的二手 旧书店	无论是黑板、木椅还是成堆的书籍 都完美复刻了塞纳河畔的莎士比亚书店 真的有种置身于巴黎之感 周末去的人是真的蛮多不过店里的书籍还是很丰富的 可以认真翻翻很适合在这里待一下午拍照巨有氛围感 超出片#上海 #探店 #上海喝酒 #拍照,2023-06-19T00:00:00.000Z,http://sns-webpic-qc.xhscdn.com/202310250340/c3b1f2b3458a49d9b1bb1e4e30154f2c/1000g0082m344436j40005ontvd4khm9dmdiu0b8!nd_whgt34_webp_prv_1.jpg,6509,6490792e00000000130358fa,62fdfb49000000001200d92d
653826e392db152759a28892,52000,5292,The Drinkery,24,526,以为在上海偶遇了甜茶上海的俄罗斯酒吧也太好玩了吧！终于知道为什么姐妹不愿意回家了 音乐好听，气氛又好玩的俄式夜生活谁会不喜欢呢？想要zhui放松的夜晚就不要错过我们的爬梯😻就在本周四周五周六，快乐就是要接连不断 🥳Party Time 🥳 9PM-LATE 4.6 星期四：The Drinkery 瑞金路店| D**D GENRE CLUB 	 4.7星期五：The Drinkery 武定路店| STIR FRIED SOUND 4.8星期六：The Drinkery 武定路店 | SOUND FLAVOR ENHANCER 	 #酒吧 #上海探店 #喝酒日常 #上海 #上海周末去哪儿 #上海魔都探店 #周末探店 #网红酒吧 #上海酒吧 #人气酒吧推荐 #小酒馆 #酒馆 #发现宝藏小酒馆 #我的小酒馆日记 #上海小酒馆 #上海氛围小酒馆 #魔都酒吧 #魔都酒吧地图 #魔都网红酒吧 #上海魔都探店 #魔都探店 #帅哥 #大帅哥 #欧美帅哥 #小奶狗 #犬系男友 #俄罗斯帅哥 #外国帅哥 #帅哥美女都来这儿 #185大帅哥 #小鲜肉 #理想型男友 #偶遇帅哥 #喝酒日常 #喝酒要微醺 #喝酒 #今天你喝酒了吗 #俄罗斯 #战斗民族 #毛子 #上海探店 #夜生活 #我的夜生活 #上海夜生活 #派对 #音乐派对 #音乐 #thedrinkery #周末去哪儿#甜茶,2023-04-06T00:00:00.000Z,http://sns-webpic-qc.xhscdn.com/202310250340/ee1d19021fa477830ae0b9e9d01d1700/03034601kjn31kfptvl01129tig0uy6f73!nd_whgt34_webp_prv_1.jpg,5838,642e961e000000001301791e,5e7c9a7c0000000001007281
653826e392db152759a28893,757000,14000,Cristyy,24,155,今年喝了不少酒吧，来分享些自认为还不戳的～ 	 ✔️Bar No.3 他家基本盲点不踩💣 氛围不戳～和朋友连和6杯如果服务态度好点就更完美了！ 	 ✔️扶疏 年底开的中式bar有点惊喜！调酒师蛮热情，酒的出品创新又好喝～ 	 ✔️Bar Limbo 市中心的落地窗bar不用多说了！颜值高的小甜酒～ 我愿称它为：坠适合女孩子的落地窗bar 	 ✔️The broken dagger 爱情白皮书酒单算年度zui佳👍哪个crush顶得住！ 	 ✔️Lieben 绝美露台酒吧！每次换酒单都要来，都蛮好喝的 调酒师小哥哥又帅又温柔hhhh 	 ✔️J.Boroski 没有酒单全凭调酒师自由发挥的bar！但每次都出品稳定～每次想要新鲜感就会来这 	 ✔️Ginetics 魔都少有的金酒bar～特调有小熊软糖！老板温柔又有品味👍是值得尝试的一家新店！ 	 ✔️keywest 剧场式bar很难不爱！创意特调每次都会眼前一亮 	 ✔️植物收藏家 这家bar是懂浪漫的！玫瑰花酒要带爱的人来喝一次 	 #周末去哪儿 #上海魔都探店 #上海酒吧 #上海人气酒吧 #上海 #适合女生喝的酒 #今夜来一杯微醺酒 #人气酒吧推荐,2023-01-24T00:00:00.000Z,http://sns-webpic-qc.xhscdn.com/202310250340/c367578de341428d0d76f789f80fe763/1000g0081uijmkf8es00040913c786epbqckm8bo!nd_whgt34_webp_prv_1.jpg,5765,63cfd47a000000001c0371ff,550f4e83a46e962d77ce3b2b
653826e392db152759a28894,3663000,54000,陈什么秋💦,24,175,狠狠标题d了hhhh 你们去了我就真吃不上了🥲 — 我去上海3次都没吃上，太难排了… 后来我朋友说下午3:30可以提前取号 定了闹铃取好号，5点开餐，8点吃上了（感动🥹） 吃到第一口，就觉得，值得等这么久 — 点单直接看墙上手写菜单 串儿、油淋河虾、酱青蟹、虾油泡饭、腐皮包黄鱼… 第一次吃生腌吃得我沉浸在口腔的甜味里 哎呀，反正就是连花生都要打包的好吃程度👌🏻 #上海 #夜宵好去处 #记录日常 #陈什么秋美食日常 #上海小酒馆,2023-02-20T00:00:00.000Z,http://sns-webpic-qc.xhscdn.com/202310250340/ec85e516c358b9b6fe5b6231c7a7f58c/1000g00822sg10psfq00040pj34b5q2k0h3cli60!nd_whgt34_webp_prv_1.jpg,5243,63f320e6000000001203cbd4,5575565d62a60c113c6b0a80
653826e392db152759a28895,803000,11000,迪迪探店,24,573,终于喝到MBTI主题酒单，“爱情白皮书”有想法！翻开后先进行了一番测试，好准hhh！ 	 「做鱼的快乐」颜值赏心悦目，蜜瓜与青柠口味融合很清爽。 「别让我下头」名字有点狠，口感却很柔，苹果蜂蜜青柠组合喝一口就想暴饮。 「楂不自知」山楂加蛋清奶盖，“猎人即猎物”欲擒故纵的海王真实写照。 「我在闹ta在笑」玫瑰水和檀香组合味道有点烈，适合我。 	 氛围有点浪漫有点小暧昧，很适合和Crush来一次“沉浸式喝酒”！调酒小哥哥介绍说3月会有新酒，狠狠期待了…… 	 #上海魔都探店 #上海逛街 #上海酒吧 #MBTI #人气酒吧推荐 #上海人气酒吧 #约会 #今夜来一杯微醺酒 #适合女生喝的酒 #周末去哪儿 #上海旅游攻略,2023-01-17T00:00:00.000Z,http://sns-webpic-qc.xhscdn.com/202310250341/ed4f0c0f36a03bdf9f7c049bede6ec86/1000g0081tepkihieq02g5n8vcudkeau8rik1ma0!nd_whgt34_webp_prv_1.jpg,5052,63c6a9ed000000001e03c6ee,5d1f679b0000000011032bc8
653826e392db152759a28896,145000,3588,小李的生活手账,24,648,长乐路上新开的一家bar🍸 老板很会算卦！ 可解读卦象并且根据卦象选酒～ 明天正式营业🈺 #上海 #上海探店 #上海酒吧 #上海魔都探店 #上海清吧 #上海宝藏清吧 #上海网红清吧 #上海清吧 #上海新店 #上海魔都新店,2023-08-28T00:00:00.000Z,http://sns-webpic-qc.xhscdn.com/202310250341/0d83ce4db73acf6ca4b6a3f8c71ad072/1040g00830oajufpl24004a7irro9hu6573a220o!nd_whgt34_webp_prv_1.jpg,4941,64ec7880000000000301d55d,5b5af09811be105f88d1f8c5
653826e392db152759a28897,1548000,22000,佳佳不爱洗头发,24,202,去了上海这么多景观餐厅/bar…这家真的让我很惊喜！ 首先视野真的很好，随手一拍都很绝！露台位置也蛮多的 而且无低消，点杯酒就可以坐一晚上 距离外滩超级近，逛完外滩来这里坐坐真的很舒服 #外滩心动露台 #外滩拍照 #上海外滩景观餐厅,2023-08-30T00:00:00.000Z,http://sns-webpic-qc.xhscdn.com/202310250341/196ebd323957cc7eeb75ce2ab107fc52/1040g00830oddcboj24004aah3jupdpidbhm2eco!nd_whgt34_webp_prv_1.jpg,4491,64ef5524000000001e03c0d0,5b693d96c39aaf0001cee64d
653826e392db152759a28898,264000,12000,猪圆里美,24,494,本次魔都之行意外惊喜就是这家居民楼下的酒吧🍸 不起眼的门头，在深夜却是这条路上zui热闹的一隅 进门就是一个长桌，和墙边一排座位，地方不大，却可以用人声鼎沸来形容… . 在这里人与人的距离一下缩短了很多，i人也不觉得尴尬 没有其他清吧那些花里胡哨的东西，就简简单单的一杯酒 酒单甚至连名字也没有，只有配方，一般大家点单会用【风味】来代替： 要一杯【菠萝蜜】【黑糯米】【荔枝】【苦瓜】【咸蛋黄】……等等 . 并且完全不用担心踩雷，因为这些酒喝起来就跟你选的风味一模一样！！真的很神奇！！非常柔和的口感，一点都不！冲人！！酒蒙子友好！！好喝就完4儿 夸一下独立卫生间，真的很重要！来之前酒鬼朋友说每次来上海一定会来这里喝几杯！喝完后我懂了，就我这种平时不太喝酒的也觉得很nice～ 	 #酒吧#上海酒吧#网红酒吧#上海人气酒吧 #人气酒吧推荐#上海清吧#上海周末去哪儿 #今夜来一杯微醺酒 #适合女生喝的酒 #周末去哪儿,2023-08-13T00:00:00.000Z,http://sns-webpic-qc.xhscdn.com/202310250341/1705158db5580d614040a3243b89d0ef/1040g00830nnhnql570005ng41v509ac5es7oae0!nd_whgt34_webp_prv_1.jpg,4471,64d8603d000000001701afd4,5e040fca000000000100a985
653826e392db152759a28899,116000,7680,小安禾禾子,24,92,📍 奉贤路218号4楼 	 🏠 1691cafe&amp;bar 14:00营业 	 藏在闹市中很隐蔽的魔都版“莎士比亚书店” 电梯做到四楼门打开的一下仿佛误入了巴黎 很多旧书 英文原版书 但如果你要来看书 我不是很推荐 （有点沉静不下来 约朋友喝☕️或🍹都很合适 9点以后有乐队驻唱 外面的露台也很chill 	 #上海探店 #周末去哪儿 #网红酒吧 #上海酒吧,2023-09-08T00:00:00.000Z,http://sns-webpic-qc.xhscdn.com/202310250341/1f554f6ac4e0f845653f90137bdd7369/1040g00830oongf3t360040m1q37viqvk7v4qbp0!nd_whgt34_webp_prv_1.jpg,4289,64faebc0000000001f005703,55618ff93397db3e18ba6bf4
653826e392db152759a2889a,222000,5278,babybunny,24,89,1️⃣梧桐咖啡 2️⃣SSOM 3️⃣Key West Reserve 4️⃣Bar Lotus 5️⃣Director Bar by KW 6️⃣shower room #上海酒吧 #今夜来一杯微醺酒,2023-06-27T00:00:00.000Z,http://sns-webpic-qc.xhscdn.com/202310250341/b59c77e6d021be54f19b58418db9aa4c/1000g0082nbaojd6k60005oc39k941jh9111balo!nd_whgt34_webp_prv_1.jpg,3866,649ac456000000001300be07,61834d12000000001000ce29
653826e392db152759a2889b,1891000,33000,DDKING,24,83,. 盆友每次来上海我都会带他们去～ 因为露台的view真的绝美 可以一览外滩美景（都是人均100➕宝藏又不贵！） . THE UPPER ROOM 现在是白咖夜酒的模式啦！白天去喝咖啡也绝！ FLAIR 顶层餐厅酒吧 运气好的话可以拍到绝美日落！像曼哈顿～ C&amp;R西班牙餐厅 门口就是东方明珠绝美夜景！酒也好喝～ 外滩8号whisky bar 人均不贵~没有低消，露台风大记得带外套 #周末去哪儿 #上海拍照 #外滩 #今夜来一杯微醺酒,2023-05-02T00:00:00.000Z,http://sns-webpic-qc.xhscdn.com/202310250341/09bcd8257ec232f1992af35a2063a99e/1000g0082ebmu5m8gs01g474b17siv27fjitmemg!nd_whgt34_webp_prv_1.jpg,3815,645122c10000000013037248,56eb792faed75830097088ef
653826e392db152759a2889c,92000,11000,老桂爱喝酒,24,156,老桂的“穷鬼酒吧地图”大收集来了 咱就是从穷鬼酒吧里找最有品质的做分享（主打无脑冲 本期合集比较精简 具体信息可以看合集里其他期（店名后已标注好哪一期 1️⃣Jolly 30+💰——穷鬼第一期 我已是老熟客了 ——【青提起泡】 【山楂威士忌】 【醉青岚】 你们冲就完了 建议上头党直接双倍酒精起步 可以快速起飞 关键词：服务好、酒好喝、易上头、路边有位子 2️⃣tonic 30+💰——穷鬼第二期 打包党 喜欢好看杯子的速冲！ 他们家就是带酒精的奶茶店【浆果大爆炸】 【晴天】 【凤梨大战百香果】很棒 穷鬼党可以早点买了回家喝 关键词：可打包 可加酒精 送杯子 3️⃣lemon twist 30+💰——穷鬼第二期 著名的9.9金汤力自由（活动期 【长乐冰茶】 【烤玉米嗨爆】 9.9金汤力不冲不是穷鬼吧？酒都是提前做好的 喝就完了 关键词：便宜 4️⃣air by ounce 50+💰——穷鬼第一期 店面很大 很适合约会 音乐很好听 “穷鬼”里比较有逼格的一家 可以坐在露台喝酒 很小资 鸡尾酒很有创意和想法 可以试试里面的茶饮酒 【umami】 【Rocking Chair High】可冲 关键词：小资 情侣约会 创意酒 5️⃣624 ——穷鬼第二期 最火的上海公路酒吧 什么酒都有 小青年聚会圣地 买酒就可以在墙上留下自己的照片 很有纪念意义 关键词：公路文化 自由喝酒 酒可存6个月 6️⃣木制天堂——穷鬼第三期 弄堂酒吧 适合学生情侣约会 【9点前40💰+】（有优惠 很多特调酒 性价比很高 长乐路会开新店 【老烟枪】【我们的爱去哪儿了】可以冲！ 关键词：弄堂酒吧 好喝不贵 店小温馨 7️⃣梧桐咖啡——穷鬼第三期 新进网红穷鬼酒吧 8.8金汤力真的很卷 植物收藏家前调酒师创业 所以很注重酒的清香味 创意很棒 新的酒单闭眼冲【闭月】【羞花】【落雁】度数高到低都有 这家能火 关键词：至少超过80%的优质的酒吧 但巨便宜 白天是咖啡店 8️⃣The Drinkery——穷鬼第四期 俄罗斯人酒吧 颜值高 气氛很棒 音乐很棒 关键词：外国文化 非常嗨 聚会嗨翻天 未成年人禁止喝酒 #穷鬼鸡尾酒地图 #上海旅游攻略 #适合女生喝的酒 #人气酒吧推荐 #鸡尾酒推荐 #酒吧 @吃货薯 ,2023-04-07T00:00:00.000Z,http://sns-webpic-qc.xhscdn.com/202310250341/3245b84fb977c52d2c18460ab791dddc/1000g0082aaan3b6go0004a785tl7uao4e7mnvco!nd_whlt34_webp_prv_1.jpg,3733,643003a800000000130169a9,5b4dea7ff7e8b931a88e2b04
653826e392db152759a2889d,37000,3402,emo怪,24,327,#对镜自拍 #辣妹日记,2023-05-18T00:00:00.000Z,http://sns-webpic-qc.xhscdn.com/202310250341/229f52d7a050eeb612fc3fb89a432d3b/1000g0082gr0ft06j40005ngnlf0g8im12vli920!nd_whgt34_webp_prv_1.jpg,3637,64656fa70000000013017846,5e17abc10000000001004ac1
653826e392db152759a2889e,25000,1931,chenyuaner,24,148,"下雨天citywalk的美妙谁懂啊☔️ 新发现了一家酒吧叫Ban Roll🍹🌧️ （禁止内卷hhha,这个店名字真的很适合一下班就冲来酒bar的我） 	 每个酒的名字也都很特别✨妥妥缓解焦虑🍹 ▪️图2【逃离鱼塘】💧朗姆/椰子/糯米 ▪️图3【蝶恋花】🦋桂花酒/桃子/菠萝泡沫 ▪️图4【享自由】🍋金酒/荔枝/黄柠檬 	 环境很chill😌店门口区域有一个窗台，可以透过窗台看着外面的淅淅细雨和行人车流，这感觉谁懂啊！！街边氛围感拉满了💡💡 	 📍上海静安区华山路750号【Ban Roll】 	 #今日快乐今日发 #鸡尾酒 #小酒馆 #清吧 #发现宝藏小酒馆 #酒鬼日常 #下班喝酒 #反内卷 #今夜来一杯微醺酒 #微醺 #100家探店计划 #拒绝内卷 #酒鬼日常 #citywalk #下雨天 #长乐路 #华山路",2023-09-22T00:00:00.000Z,http://sns-webpic-qc.xhscdn.com/202310250342/faea36da22b7d292e5ca47ac56ef025c/1040g00830pb34vhgju00495kovfg0lkr7bjrcgo!nd_whgt34_webp_prv_1.jpg,3591,650db9a60000000013029368,58a69f005e87e737458b569b
653826e392db152759a2889f,1087000,20000,蒂凡尼的teatime-,24,115,"朋友来上海我都会带他们去外滩坐坐！ 这几家Bar都是我去过2次以上，露台view超美～～ 	 1⃣️外滩8号 Whisky Bar （图1-3） 能看到中山东一路和外滩的露台Bar 可选的🍹不多（味道一般般）氛围很热闹，绝美view和高性价比弥补所有不足 	 2⃣️沙美The upper room（图4-6） 知道的人不多，适合来安安静静喝酒吹风 窗口机位看上海外滩美得不像话～～ 	 3⃣️FLAIR（图7-9） 触手可及的东方明珠，俯瞰整个陆家嘴外滩view,有几个角度恍惚像置身曼Ha顿… 	 #上海魔都探店 #周末去哪儿 #上海外滩 #上海酒吧 #上海旅游 #上海人气酒吧 ##今夜来一杯微醺酒 #喝酒日常 #露台 @城市情报官",2023-03-02T00:00:00.000Z,http://sns-webpic-qc.xhscdn.com/202310250342/6c5899acebb3861fdde9a2d1fec57334/1000g00824hlhr3ofk000401g8bd5bk8of75ptmg!nd_whgt34_webp_prv_1.jpg,3585,6400bda200000000130367f2,54e71a55a46e960f8389d118
653826e392db152759a288a0,153000,2407,Dagu Wawa,24,87,我实在是太喜欢这家顶层bar了～夜景泰美了！ 每次有朋友暑假来上海我总会带他们来这里坐坐 运气好还能拍到绝美日落～ 配的下酒小食好脆～ （小tip：来之前记得提前预约）,2023-07-05T00:00:00.000Z,http://sns-webpic-qc.xhscdn.com/202310250342/b0074c65a1b463f6357ea793fcdda5cf/1000g0082ol2mh1gk40005nr1osv08147civvvb8!nd_whgt34_webp_prv_1.jpg,3373,64a5742f000000001c019b8c,5f61c73e0000000001000487
653826e392db152759a288a1,803000,11000,迪迪探店,24,573,终于喝到MBTI主题酒单，“爱情白皮书”有想法！翻开后先进行了一番测试，好准hhh！ 	 「做鱼的快乐」颜值赏心悦目，蜜瓜与青柠口味融合很清爽。 「别让我下头」名字有点狠，口感却很柔，苹果蜂蜜青柠组合喝一口就想暴饮。 「楂不自知」山楂加蛋清奶盖，“猎人即猎物”欲擒故纵的海王真实写照。 「我在闹ta在笑」玫瑰水和檀香组合味道有点烈，适合我。 	 氛围有点浪漫有点小暧昧，很适合和Crush来一次“沉浸式喝酒”！调酒小哥哥介绍说3月会有新酒，狠狠期待了…… 	 #上海魔都探店 #上海逛街 #上海酒吧 #MBTI #人气酒吧推荐 #上海人气酒吧 #约会 #今夜来一杯微醺酒 #适合女生喝的酒 #周末去哪儿 #上海旅游攻略,2023-01-17T00:00:00.000Z,http://sns-webpic-qc.xhscdn.com/202310250342/8025993c604a8d24cbca6166560d303e/1000g0081tepkihieq02g5n8vcudkeau8rik1ma0!nd_whgt34_webp_prv_1.jpg,5052,63c6a9ed000000001e03c6ee,5d1f679b0000000011032bc8
653826e392db152759a288a2,145000,3588,小李的生活手账,24,648,长乐路上新开的一家bar🍸 老板很会算卦！ 可解读卦象并且根据卦象选酒～ 明天正式营业🈺 #上海 #上海探店 #上海酒吧 #上海魔都探店 #上海清吧 #上海宝藏清吧 #上海网红清吧 #上海清吧 #上海新店 #上海魔都新店,2023-08-28T00:00:00.000Z,http://sns-webpic-qc.xhscdn.com/202310250342/4b63c9ddc8858a29edac94ec3fd3bbd5/1040g00830oajufpl24004a7irro9hu6573a220o!nd_whgt34_webp_prv_1.jpg,4941,64ec7880000000000301d55d,5b5af09811be105f88d1f8c5
653826e392db152759a288a3,1548000,22000,佳佳不爱洗头发,24,202,去了上海这么多景观餐厅/bar…这家真的让我很惊喜！ 首先视野真的很好，随手一拍都很绝！露台位置也蛮多的 而且无低消，点杯酒就可以坐一晚上 距离外滩超级近，逛完外滩来这里坐坐真的很舒服 #外滩心动露台 #外滩拍照 #上海外滩景观餐厅,2023-08-30T00:00:00.000Z,http://sns-webpic-qc.xhscdn.com/202310250342/b309e507020f3d04572eab42e6da3fa9/1040g00830oddcboj24004aah3jupdpidbhm2eco!nd_whgt34_webp_prv_1.jpg,4491,64ef5524000000001e03c0d0,5b693d96c39aaf0001cee64d
653826e392db152759a288a4,264000,12000,猪圆里美,24,494,本次魔都之行意外惊喜就是这家居民楼下的酒吧🍸 不起眼的门头，在深夜却是这条路上zui热闹的一隅 进门就是一个长桌，和墙边一排座位，地方不大，却可以用人声鼎沸来形容… . 在这里人与人的距离一下缩短了很多，i人也不觉得尴尬 没有其他清吧那些花里胡哨的东西，就简简单单的一杯酒 酒单甚至连名字也没有，只有配方，一般大家点单会用【风味】来代替： 要一杯【菠萝蜜】【黑糯米】【荔枝】【苦瓜】【咸蛋黄】……等等 . 并且完全不用担心踩雷，因为这些酒喝起来就跟你选的风味一模一样！！真的很神奇！！非常柔和的口感，一点都不！冲人！！酒蒙子友好！！好喝就完4儿 夸一下独立卫生间，真的很重要！来之前酒鬼朋友说每次来上海一定会来这里喝几杯！喝完后我懂了，就我这种平时不太喝酒的也觉得很nice～ 	 #酒吧#上海酒吧#网红酒吧#上海人气酒吧 #人气酒吧推荐#上海清吧#上海周末去哪儿 #今夜来一杯微醺酒 #适合女生喝的酒 #周末去哪儿,2023-08-13T00:00:00.000Z,http://sns-webpic-qc.xhscdn.com/202310250342/7a606e8806334e6c4f88ccc79e59abc9/1040g00830nnhnql570005ng41v509ac5es7oae0!nd_whgt34_webp_prv_1.jpg,4471,64d8603d000000001701afd4,5e040fca000000000100a985
653826e392db152759a288a5,116000,7680,小安禾禾子,24,92,📍 奉贤路218号4楼 	 🏠 1691cafe&amp;bar 14:00营业 	 藏在闹市中很隐蔽的魔都版“莎士比亚书店” 电梯做到四楼门打开的一下仿佛误入了巴黎 很多旧书 英文原版书 但如果你要来看书 我不是很推荐 （有点沉静不下来 约朋友喝☕️或🍹都很合适 9点以后有乐队驻唱 外面的露台也很chill 	 #上海探店 #周末去哪儿 #网红酒吧 #上海酒吧,2023-09-08T00:00:00.000Z,http://sns-webpic-qc.xhscdn.com/202310250342/b01bd31d7a40bfb04dd357bf23e52396/1040g00830oongf3t360040m1q37viqvk7v4qbp0!nd_whgt34_webp_prv_1.jpg,4289,64faebc0000000001f005703,55618ff93397db3e18ba6bf4
653826e392db152759a288a6,222000,5278,babybunny,24,89,1️⃣梧桐咖啡 2️⃣SSOM 3️⃣Key West Reserve 4️⃣Bar Lotus 5️⃣Director Bar by KW 6️⃣shower room #上海酒吧 #今夜来一杯微醺酒,2023-06-27T00:00:00.000Z,http://sns-webpic-qc.xhscdn.com/202310250342/a40841d51f91cf6e039146c2fae8b251/1000g0082nbaojd6k60005oc39k941jh9111balo!nd_whgt34_webp_prv_1.jpg,3866,649ac456000000001300be07,61834d12000000001000ce29
653826e392db152759a288a7,1891000,33000,DDKING,24,83,. 盆友每次来上海我都会带他们去～ 因为露台的view真的绝美 可以一览外滩美景（都是人均100➕宝藏又不贵！） . THE UPPER ROOM 现在是白咖夜酒的模式啦！白天去喝咖啡也绝！ FLAIR 顶层餐厅酒吧 运气好的话可以拍到绝美日落！像曼哈顿～ C&amp;R西班牙餐厅 门口就是东方明珠绝美夜景！酒也好喝～ 外滩8号whisky bar 人均不贵~没有低消，露台风大记得带外套 #周末去哪儿 #上海拍照 #外滩 #今夜来一杯微醺酒,2023-05-02T00:00:00.000Z,http://sns-webpic-qc.xhscdn.com/202310250342/a94f0db39595146e97d3eb648c9a7436/1000g0082ebmu5m8gs01g474b17siv27fjitmemg!nd_whgt34_webp_prv_1.jpg,3815,645122c10000000013037248,56eb792faed75830097088ef
653826e392db152759a288a8,1,1,老桂爱喝酒,24,156,老桂的“穷鬼酒吧地图”大收集来了 咱就是从穷鬼酒吧里找最有品质的做分享（主打无脑冲 本期合集比较精简 具体信息可以看合集里其他期（店名后已标注好哪一期 1️⃣Jolly 30+💰——穷鬼第一期 我已是老熟客了 ——【青提起泡】 【山楂威士忌】 【醉青岚】 你们冲就完了 建议上头党直接双倍酒精起步 可以快速起飞 关键词：服务好、酒好喝、易上头、路边有位子 2️⃣tonic 30+💰——穷鬼第二期 打包党 喜欢好看杯子的速冲！ 他们家就是带酒精的奶茶店【浆果大爆炸】 【晴天】 【凤梨大战百香果】很棒 穷鬼党可以早点买了回家喝 关键词：可打包 可加酒精 送杯子 3️⃣lemon twist 30+💰——穷鬼第二期 著名的9.9金汤力自由（活动期 【长乐冰茶】 【烤玉米嗨爆】 9.9金汤力不冲不是穷鬼吧？酒都是提前做好的 喝就完了 关键词：便宜 4️⃣air by ounce 50+💰——穷鬼第一期 店面很大 很适合约会 音乐很好听 “穷鬼”里比较有逼格的一家 可以坐在露台喝酒 很小资 鸡尾酒很有创意和想法 可以试试里面的茶饮酒 【umami】 【Rocking Chair High】可冲 关键词：小资 情侣约会 创意酒 5️⃣624 ——穷鬼第二期 最火的上海公路酒吧 什么酒都有 小青年聚会圣地 买酒就可以在墙上留下自己的照片 很有纪念意义 关键词：公路文化 自由喝酒 酒可存6个月 6️⃣木制天堂——穷鬼第三期 弄堂酒吧 适合学生情侣约会 【9点前40💰+】（有优惠 很多特调酒 性价比很高 长乐路会开新店 【老烟枪】【我们的爱去哪儿了】可以冲！ 关键词：弄堂酒吧 好喝不贵 店小温馨 7️⃣梧桐咖啡——穷鬼第三期 新进网红穷鬼酒吧 8.8金汤力真的很卷 植物收藏家前调酒师创业 所以很注重酒的清香味 创意很棒 新的酒单闭眼冲【闭月】【羞花】【落雁】度数高到低都有 这家能火 关键词：至少超过80%的优质的酒吧 但巨便宜 白天是咖啡店 8️⃣The Drinkery——穷鬼第四期 俄罗斯人酒吧 颜值高 气氛很棒 音乐很棒 关键词：外国文化 非常嗨 聚会嗨翻天 未成年人禁止喝酒 #穷鬼鸡尾酒地图 #上海旅游攻略 #适合女生喝的酒 #人气酒吧推荐 #鸡尾酒推荐 #酒吧 @吃货薯 ,2023-04-07T00:00:00.000Z,http://sns-webpic-qc.xhscdn.com/202310250343/5c47181b019c634116867c7db8cae2cd/1000g0082aaan3b6go0004a785tl7uao4e7mnvco!nd_whlt34_webp_prv_1.jpg,3733,643003a800000000130169a9,5b4dea7ff7e8b931a88e2b04
653826e392db152759a288a9,37000,3402,emo怪,24,327,#对镜自拍 #辣妹日记,2023-05-18T00:00:00.000Z,http://sns-webpic-qc.xhscdn.com/202310250343/e85331dfef26809cca3edb4546560099/1000g0082gr0ft06j40005ngnlf0g8im12vli920!nd_whgt34_webp_prv_1.jpg,3637,64656fa70000000013017846,5e17abc10000000001004ac1
653826e392db152759a288aa,25000,1931,chenyuaner,24,148,"下雨天citywalk的美妙谁懂啊☔️ 新发现了一家酒吧叫Ban Roll🍹🌧️ （禁止内卷hhha,这个店名字真的很适合一下班就冲来酒bar的我） 	 每个酒的名字也都很特别✨妥妥缓解焦虑🍹 ▪️图2【逃离鱼塘】💧朗姆/椰子/糯米 ▪️图3【蝶恋花】🦋桂花酒/桃子/菠萝泡沫 ▪️图4【享自由】🍋金酒/荔枝/黄柠檬 	 环境很chill😌店门口区域有一个窗台，可以透过窗台看着外面的淅淅细雨和行人车流，这感觉谁懂啊！！街边氛围感拉满了💡💡 	 📍上海静安区华山路750号【Ban Roll】 	 #今日快乐今日发 #鸡尾酒 #小酒馆 #清吧 #发现宝藏小酒馆 #酒鬼日常 #下班喝酒 #反内卷 #今夜来一杯微醺酒 #微醺 #100家探店计划 #拒绝内卷 #酒鬼日常 #citywalk #下雨天 #长乐路 #华山路",2023-09-22T00:00:00.000Z,http://sns-webpic-qc.xhscdn.com/202310250343/b46f5b44ac5eb5bd9b1bfcc236b6e354/1040g00830pb34vhgju00495kovfg0lkr7bjrcgo!nd_whgt34_webp_prv_1.jpg,3591,650db9a60000000013029368,58a69f005e87e737458b569b
653826e392db152759a288ab,1087000,20000,蒂凡尼的teatime-,24,115,"朋友来上海我都会带他们去外滩坐坐！ 这几家Bar都是我去过2次以上，露台view超美～～ 	 1⃣️外滩8号 Whisky Bar （图1-3） 能看到中山东一路和外滩的露台Bar 可选的🍹不多（味道一般般）氛围很热闹，绝美view和高性价比弥补所有不足 	 2⃣️沙美The upper room（图4-6） 知道的人不多，适合来安安静静喝酒吹风 窗口机位看上海外滩美得不像话～～ 	 3⃣️FLAIR（图7-9） 触手可及的东方明珠，俯瞰整个陆家嘴外滩view,有几个角度恍惚像置身曼Ha顿… 	 #上海魔都探店 #周末去哪儿 #上海外滩 #上海酒吧 #上海旅游 #上海人气酒吧 ##今夜来一杯微醺酒 #喝酒日常 #露台 @城市情报官",2023-03-02T00:00:00.000Z,http://sns-webpic-qc.xhscdn.com/202310250343/cd29ab135c02a9968360d9eb6fad5ac8/1000g00824hlhr3ofk000401g8bd5bk8of75ptmg!nd_whgt34_webp_prv_1.jpg,3585,6400bda200000000130367f2,54e71a55a46e960f8389d118
653826e392db152759a288ac,153000,2407,Dagu Wawa,24,87,我实在是太喜欢这家顶层bar了～夜景泰美了！ 每次有朋友暑假来上海我总会带他们来这里坐坐 运气好还能拍到绝美日落～ 配的下酒小食好脆～ （小tip：来之前记得提前预约）,2023-07-05T00:00:00.000Z,http://sns-webpic-qc.xhscdn.com/202310250343/a089872a51621d683750c54c16ce9c68/1000g0082ol2mh1gk40005nr1osv08147civvvb8!nd_whgt34_webp_prv_1.jpg,3373,64a5742f000000001c019b8c,5f61c73e0000000001000487
653826e392db152759a288ad,8651,127,Miawannacat,12,124,是一家开在地下的bar！已经开了20年了，听说是《摆渡人》的取景地哈哈哈，老板栩栩如生地给我们讲梁朝伟坐在吧台拍戏的样子～很有趣！整个酒吧全部都是满墙涂鸦，还有桌上足球和舞池，酒水也很平价，绝对是上海最特别的bar了！#上海 #上海探店 #上海拍照 #上海酒吧 #夜生活,2023-04-07T00:00:00.000Z,http://sns-webpic-qc.xhscdn.com/202310250343/03af1c62e31727010fff37b0ec9cab02/1000g0082aavj4j2gq0004a33ic4e4q3aqb071o8!nd_whgt34_webp_prv_1.jpg,3022,64302e5e000000000703b9f1,5a9c08e211be10147286686a
653826e392db152759a288ae,44000,1782,言寺兄,24,79,好久没更酒吧探店系列 这次是冲着穷鬼酒吧去的 金汤力21点前💰8.8一杯 酒单均价💰38  直接每样来一杯！！ 	 后面喝上头了...就只说印象比较深刻的吧！ 🍸少女的祈祷：淡淡的甜甜的酒感不重，适合不怎么能喝酒的女孩子 🥃泡泡罗勒：我最喜欢的一杯，叶片的清香叠加在舌尖跳动的跳跳糖，很好的中和了酒味，入口也比较顺滑 	 shot：点的是tequila （一个小建议：盐有点太细了）然后老板送了一打应该是伏特加shot  直接上头 	 关于环境：店面不大，有日落氛围灯有投影仪，二楼更私密一些但天热了可能会比较闷，我喜欢坐路边喝，老板有露营椅，店里的音乐也很不错，也有洗手间，很适合和穷鬼朋友一起来～马上上新了我应该还会再去！ 店名：梧桐咖啡（晚上是bar） 地址：淡水路198号 #上海酒吧 #性价比 #马路边 #早C晚A,2023-04-06T00:00:00.000Z,http://sns-webpic-qc.xhscdn.com/202310250343/d2e8c99e7c98332bc6faeed3ac3e542a/1000g0082a1b9nm2gm00049vcm8rfglu8qjbdd8o!nd_whgt34_webp_prv_1.jpg,2784,642db6f60000000007039079,5a05f6f84eacab1b091657c8
653826e392db152759a288af,7546,159,什么时候能退休,20,100,周末有的时候要冥思苦想和朋友除了吃饭喝酒还能去搞点什么活动，兰心大剧院的candor show是一个完美的选择！！ 1️⃣百老汇氛围感十足 这个bar在兰心大剧院顶楼，走在art deco风格的楼梯上仿佛穿越到菲茨杰拉德笔下的盖茨比的豪宅，狭小的桌子配上红色的幕布与闪闪发光的灯牌又让人觉得梦回百老汇，等待后台补妆的大明星登场 2️⃣边吃边看歌舞表演 可以点餐，点酒，一边吃一边看歌舞秀。而且意外的是食物还不错！表扬奶酪配蓝莓和脆饼干那个甜品，以及意面！ 3️⃣歌舞太强了！！！ 最后也是最重要的是，这真的是一场非常非常美，非常震撼的表演😭😭😭演员的唱功和舞蹈能力都太强了，那种力量与美真的很震撼人心。《兰心大戏院》这个剧目里面还串烧了一下芝加哥里的all that jazz！我不是一个狂热的音乐剧爱好者，但也深受感染！ 总之就是，推荐每一个人去看！ 4️⃣价格 票价节假日周末是200每人，工作日晚上好像是150，然后工作日没有低消，节假日周末的2-3人小桌低消一桌500 #五一去哪玩 #上海旅游攻略 #兰心大戏院 #音乐剧 #上海音乐剧 #上海周末去哪儿 #上海CityWalk #上海酒吧 #盖茨比,2023-05-01T00:00:00.000Z,http://sns-webpic-qc.xhscdn.com/202310250343/47ec494e19f3d7ea11c0af6cece3a4e5/1000g0082e3v8nmqha0005n5t97e5vlnkn5a6ov8!nd_whgt34_webp_prv_1.jpg,2612,644f27950000000013004773,5cbd49dc000000001703d6f4
653826e392db152759a288b0,1100000,14000,么么灵,24,114,以电影为主题的bar 很有意思 #发现宝藏小酒馆 #喝酒 #鸡尾酒 #探店 #清吧,2023-06-21T00:00:00.000Z,http://sns-webpic-qc.xhscdn.com/202310250343/da0cfd04c2f450034fb5f36911747683/1000g0082mctoquiji02g5ndnqpm08bj540duvp0!nd_whgt34_webp_prv_1.jpg,2412,6492fb860000000013017ec2,5db7d66c0000000001002e65
653826e392db152759a288b1,22000,332,Jinni,22,203,在长乐路一晚喝了5杯酒，每一杯都又便宜又好喝！ 长乐路沿街都是特调鸡尾酒店，价格也就一杯奶茶钱，口味也太丰富了。超多人拿着一杯酒在马路上边走边喝，喝到下一家再来一杯，E人天堂啊。 无关年龄无关性别，感受自由又浪漫的时刻，氛围感拉满，喜欢上海的理由又多了一个！ 	 一些推荐 🥂Tonic Bar 均价30 推荐屠苏、Floyd ROSE（奶油甜酒）、浆果大爆炸 杯子可以打包带走 大多是玻璃杯 酒精度较低 点单时可以选择增加酒精度 	 🥂Jolly Bar 均价30 推荐山楂威士忌酸 西瓜特调 酒乐蜜桃 盲点没有踩雷 蜜桃偏甜 山楂偏酸 可根据果味选择 	 🥂公路商店 均价30 推荐老板特调 冻梨酒 经典款肯定没错 冻梨非常有特色 不可错过的打卡地 	 🥂Lemon Twist 均价30 推荐荔枝马天尼 绿山茶花莫吉托 （更正）有小伙伴说带非一次性杯子来能减5元 	 🥂Laundry.co 均价120 推荐逃离拉斯维加斯 大菠萝 门店是洗衣房装修 打开里面别有洞天 街边喝完走累了 可以来这里坐坐 	 🗺️最后附上地图（p12）一家酒吧一杯酒，快带上你的酒鬼朋友来打卡吧 	 #100家探店计划 #笔记灵感 #上海探店 #上海喝酒好去处 #平价小酒 #上海喝酒 #氛围感清吧 #夜生活 #长乐路 #鸡尾酒 #发现宝藏小酒馆 #探店 #清吧 #上海Citywalk #今夜来一杯微醺酒 #长乐路 @城市情报官 @生活薯 @吃货薯,2023-08-20T00:00:00.000Z,http://sns-webpic-qc.xhscdn.com/202310250344/0ec787f346b137fbdb9425e9351a307c/1040g00830o031keu1m0049emud5k8o10o7fsi88!nd_whgt34_webp_prv_1.jpg,2403,64e1b09b0000000010032343,5903cb4482ec39716ffd6020
653826e392db152759a288b2,427000,8588,芋圆很yuan,24,283,竟然有一杯酒叫做刘玉玲！！ 真的对女生很友好了…… 	 #酒馆 #发现宝藏小酒馆 #小酒馆 #静安寺 #上海 #上海美食 #上海酒吧,2023-10-18T00:00:00.000Z,http://sns-webpic-qc.xhscdn.com/202310250344/b2c242dc9af5379b989147bceba01e42/1040g00830qcaone80c105ommit00g706e3b4no8!nd_whgt34_webp_prv_1.jpg,2355,652fc415000000001d0171d7,62d697400000000002001c06
653826e392db152759a288b3,9410,184,毛毛毛、,24,333,还在公司会议室边开会边思考🤔几点下班的我… 朋友从苏州来的路上，邀请去【REBORN FAMILY 】 老板过生日，23:00之前免费畅饮… 毕竟陪一下朋友（顺便能见识一下gay吧是什么样的）就去了！ 	 2023.04.28打卡gay吧体验 酒吧：酒免费没啥好说的。 这个酒吧空间很大，显然就是留足够的空间嗨。 👬：说说我对gay吧的体感 （当然我不混圈，对拉子，gay都不算太了解） 1⃣️gay圈真的是太卷了，身材管理绝了，一眼望去都是“健身教练” 2⃣️gay吧真是好多男人啊！！而且个子又高，我就被埋没在中间了，也会有小姐姐在里面玩，但感觉直女比较多（可能是因为gay吧气氛太好了，而且女生在这里很安全） 3⃣️第一次觉得男人堆里没有难闻的味道，穿着也不会邋里邋遢，不会有异味。 一般电梯里面多几个男的，那味道我就受不了。 （想起每次公司会议室，一群研发开会的情景） 4⃣️ gay真的很放得开，很喜欢表现自己，也充满自信，很勇。而且大家对K-pop简直刻在DNA里的热情～ 放到blackpink 和 twice的歌…明明大家互相不认识，却跳出了团魂，动作整齐划一，像在看演出 😂 解压的一晚，开启假期。感谢朋友带着见世面～ #酒吧 #上海酒吧 #上海周末去哪儿,2023-04-29T00:00:00.000Z,http://sns-webpic-qc.xhscdn.com/202310250344/98eb2c67aa1167529b0d8d2726e0d416/1000g0082dr8j52kgu0005nui8kq09e645f3btf0!nd_whgt34_webp_prv_1.jpg,2290,644ceccb000000001203d945,5fd24534000000000100b8c4
653826e392db152759a288b4,462000,7665,考拉也会瘦,24,124,古早鸡尾酒🍹还蛮特别的 水果潘趣酒口感酸甜 很适合女生 Bishop度数比较高 入口深沉 值得细品～,2023-09-11T00:00:00.000Z,http://sns-webpic-qc.xhscdn.com/202310250344/8ddee3d014d7dc89c480b2c522c2f516/1040g00830osqq45e44004a49nrshsviv9336tb8!nd_whgt34_webp_prv_1.jpg,2265,64ff1f54000000001f0343c7,5ac5791e4eacab6e56367e5f
653826e392db152759a288b5,222000,5278,babybunny,24,89,1️⃣梧桐咖啡 2️⃣SSOM 3️⃣Key West Reserve 4️⃣Bar Lotus 5️⃣Director Bar by KW 6️⃣shower room #上海酒吧 #今夜来一杯微醺酒,2023-06-27T00:00:00.000Z,http://sns-webpic-qc.xhscdn.com/202310250344/5ef0b4490803f16489f483b3e6161c37/1000g0082nbaojd6k60005oc39k941jh9111balo!nd_whgt34_webp_prv_1.jpg,3866,649ac456000000001300be07,61834d12000000001000ce29
653826e392db152759a288b6,1891000,33000,DDKING,24,83,. 盆友每次来上海我都会带他们去～ 因为露台的view真的绝美 可以一览外滩美景（都是人均100➕宝藏又不贵！） . THE UPPER ROOM 现在是白咖夜酒的模式啦！白天去喝咖啡也绝！ FLAIR 顶层餐厅酒吧 运气好的话可以拍到绝美日落！像曼哈顿～ C&R西班牙餐厅 门口就是东方明珠绝美夜景！酒也好喝～ 外滩8号whisky bar 人均不贵~没有低消，露台风大记得带外套 #周末去哪儿 #上海拍照 #外滩 #今夜来一杯微醺酒,2023-05-02T00:00:00.000Z,http://sns-webpic-qc.xhscdn.com/202310250344/597c2c5d3414386403108ff9ec2df323/1000g0082ebmu5m8gs01g474b17siv27fjitmemg!nd_whgt34_webp_prv_1.jpg,3815,645122c10000000013037248,56eb792faed75830097088ef
653826e392db152759a288b7,92000,11000,老桂爱喝酒,24,156,老桂的“穷鬼酒吧地图”大收集来了 咱就是从穷鬼酒吧里找最有品质的做分享（主打无脑冲 本期合集比较精简 具体信息可以看合集里其他期（店名后已标注好哪一期 1️⃣Jolly 30+💰——穷鬼第一期 我已是老熟客了 ——【青提起泡】 【山楂威士忌】 【醉青岚】 你们冲就完了 建议上头党直接双倍酒精起步 可以快速起飞 关键词：服务好、酒好喝、易上头、路边有位子 2️⃣tonic 30+💰——穷鬼第二期 打包党 喜欢好看杯子的速冲！ 他们家就是带酒精的奶茶店【浆果大爆炸】 【晴天】 【凤梨大战百香果】很棒 穷鬼党可以早点买了回家喝 关键词：可打包 可加酒精 送杯子 3️⃣lemon twist 30+💰——穷鬼第二期 著名的9.9金汤力自由（活动期 【长乐冰茶】 【烤玉米嗨爆】 9.9金汤力不冲不是穷鬼吧？酒都是提前做好的 喝就完了 关键词：便宜 4️⃣air by ounce 50+💰——穷鬼第一期 店面很大 很适合约会 音乐很好听 “穷鬼”里比较有逼格的一家 可以坐在露台喝酒 很小资 鸡尾酒很有创意和想法 可以试试里面的茶饮酒 【umami】 【Rocking Chair High】可冲 关键词：小资 情侣约会 创意酒 5️⃣624 ——穷鬼第二期 最火的上海公路酒吧 什么酒都有 小青年聚会圣地 买酒就可以在墙上留下自己的照片 很有纪念意义 关键词：公路文化 自由喝酒 酒可存6个月 6️⃣木制天堂——穷鬼第三期 弄堂酒吧 适合学生情侣约会 【9点前40💰+】（有优惠 很多特调酒 性价比很高 长乐路会开新店 【老烟枪】【我们的爱去哪儿了】可以冲！ 关键词：弄堂酒吧 好喝不贵 店小温馨 7️⃣梧桐咖啡——穷鬼第三期 新进网红穷鬼酒吧 8.8金汤力真的很卷 植物收藏家前调酒师创业 所以很注重酒的清香味 创意很棒 新的酒单闭眼冲【闭月】【羞花】【落雁】度数高到低都有 这家能火 关键词：至少超过80%的优质的酒吧 但巨便宜 白天是咖啡店 8️⃣The Drinkery——穷鬼第四期 俄罗斯人酒吧 颜值高 气氛很棒 音乐很棒 关键词：外国文化 非常嗨 聚会嗨翻天 未成年人禁止喝酒 #穷鬼鸡尾酒地图 #上海旅游攻略 #适合女生喝的酒 #人气酒吧推荐 #鸡尾酒推荐 #酒吧 @吃货薯 ,2023-04-07T00:00:00.000Z,http://sns-webpic-qc.xhscdn.com/202310250344/24a4420c15f44ee7d1b724f4cada169a/1000g0082aaan3b6go0004a785tl7uao4e7mnvco!nd_whlt34_webp_prv_1.jpg,3733,643003a800000000130169a9,5b4dea7ff7e8b931a88e2b04
653826e392db152759a288b8,37000,3402,emo怪,24,327,#对镜自拍 #辣妹日记,2023-05-18T00:00:00.000Z,http://sns-webpic-qc.xhscdn.com/202310250344/f44cb7ff989e61eee4690dc2f0775502/1000g0082gr0ft06j40005ngnlf0g8im12vli920!nd_whgt34_webp_prv_1.jpg,3637,64656fa70000000013017846,5e17abc10000000001004ac1
653826e392db152759a288b9,25000,1931,chenyuaner,24,100,"下雨天citywalk的美妙谁懂啊☔️ 新发现了一家酒吧叫Ban Roll🍹🌧️ （禁止内卷hhha,这个店名字真的很适合一下班就冲来酒bar的我） 	 每个酒的名字也都很特别✨妥妥缓解焦虑🍹 ▪️图2【逃离鱼塘】💧朗姆/椰子/糯米 ▪️图3【蝶恋花】🦋桂花酒/桃子/菠萝泡沫 ▪️图4【享自由】🍋金酒/荔枝/黄柠檬 	 环境很chill😌店门口区域有一个窗台，可以透过窗台看着外面的淅淅细雨和行人车流，这感觉谁懂啊！！街边氛围感拉满了💡💡 	 📍上海静安区华山路750号【Ban Roll】 	 #今日快乐今日发 #鸡尾酒 #小酒馆 #清吧 #发现宝藏小酒馆 #酒鬼日常 #下班喝酒 #反内卷 #今夜来一杯微醺酒 #微醺 #100家探店计划 #拒绝内卷 #酒鬼日常 #citywalk #下雨天 #长乐路 #华山路",2023-09-22T00:00:00.000Z,http://sns-webpic-qc.xhscdn.com/202310250344/1ba5dd5c6cde7c5c93ddd1b0a8cd4131/1040g00830pb34vhgju00495kovfg0lkr7bjrcgo!nd_whgt34_webp_prv_1.jpg,3591,650db9a60000000013029368,58a69f005e87e737458b569b
653826e392db152759a288ba,1087000,20000,蒂凡尼的teatime-,24,115,"朋友来上海我都会带他们去外滩坐坐！ 这几家Bar都是我去过2次以上，露台view超美～～ 	 1⃣️外滩8号 Whisky Bar （图1-3） 能看到中山东一路和外滩的露台Bar 可选的🍹不多（味道一般般）氛围很热闹，绝美view和高性价比弥补所有不足 	 2⃣️沙美The upper room（图4-6） 知道的人不多，适合来安安静静喝酒吹风 窗口机位看上海外滩美得不像话～～ 	 3⃣️FLAIR（图7-9） 触手可及的东方明珠，俯瞰整个陆家嘴外滩view,有几个角度恍惚像置身曼Ha顿… 	 #上海魔都探店 #周末去哪儿 #上海外滩 #上海酒吧 #上海旅游 #上海人气酒吧 ##今夜来一杯微醺酒 #喝酒日常 #露台 @城市情报官",2023-03-02T00:00:00.000Z,http://sns-webpic-qc.xhscdn.com/202310250345/c438cee0a15230aa1e02c03a5425a14e/1000g00824hlhr3ofk000401g8bd5bk8of75ptmg!nd_whgt34_webp_prv_1.jpg,3585,6400bda200000000130367f2,54e71a55a46e960f8389d118
653826e392db152759a288bb,153000,2407,Dagu Wawa,24,87,我实在是太喜欢这家顶层bar了～夜景泰美了！ 每次有朋友暑假来上海我总会带他们来这里坐坐 运气好还能拍到绝美日落～ 配的下酒小食好脆～ （小tip：来之前记得提前预约）,2023-07-05T00:00:00.000Z,http://sns-webpic-qc.xhscdn.com/202310250345/8a89266093fda45327010b79440c5301/1000g0082ol2mh1gk40005nr1osv08147civvvb8!nd_whgt34_webp_prv_1.jpg,3373,64a5742f000000001c019b8c,5f61c73e0000000001000487
653826e392db152759a288bc,8651,127,Miawannacat,12,124,是一家开在地下的bar！已经开了20年了，听说是《摆渡人》的取景地哈哈哈，老板栩栩如生地给我们讲梁朝伟坐在吧台拍戏的样子～很有趣！整个酒吧全部都是满墙涂鸦，还有桌上足球和舞池，酒水也很平价，绝对是上海最特别的bar了！#上海 #上海探店 #上海拍照 #上海酒吧 #夜生活,2023-04-07T00:00:00.000Z,http://sns-webpic-qc.xhscdn.com/202310250345/d07650a739377e50a12f6791abf0789c/1000g0082aavj4j2gq0004a33ic4e4q3aqb071o8!nd_whgt34_webp_prv_1.jpg,3022,64302e5e000000000703b9f1,5a9c08e211be10147286686a
653826e392db152759a288bd,44000,1782,言寺兄,24,79,好久没更酒吧探店系列 这次是冲着穷鬼酒吧去的 金汤力21点前💰8.8一杯 酒单均价💰38  直接每样来一杯！！ 	 后面喝上头了...就只说印象比较深刻的吧！ 🍸少女的祈祷：淡淡的甜甜的酒感不重，适合不怎么能喝酒的女孩子 🥃泡泡罗勒：我最喜欢的一杯，叶片的清香叠加在舌尖跳动的跳跳糖，很好的中和了酒味，入口也比较顺滑 	 shot：点的是tequila （一个小建议：盐有点太细了）然后老板送了一打应该是伏特加shot  直接上头 	 关于环境：店面不大，有日落氛围灯有投影仪，二楼更私密一些但天热了可能会比较闷，我喜欢坐路边喝，老板有露营椅，店里的音乐也很不错，也有洗手间，很适合和穷鬼朋友一起来～马上上新了我应该还会再去！ 店名：梧桐咖啡（晚上是bar） 地址：淡水路198号 #上海酒吧 #性价比 #马路边 #早C晚A,2023-04-06T00:00:00.000Z,http://sns-webpic-qc.xhscdn.com/202310250345/37750275f6d23badf4158ca4c46625b5/1000g0082a1b9nm2gm00049vcm8rfglu8qjbdd8o!nd_whgt34_webp_prv_1.jpg,2784,642db6f60000000007039079,5a05f6f84eacab1b091657c8
653826e392db152759a288be,7546,159,什么时候能退休,20,185,周末有的时候要冥思苦想和朋友除了吃饭喝酒还能去搞点什么活动，兰心大剧院的candor show是一个完美的选择！！ 1️⃣百老汇氛围感十足 这个bar在兰心大剧院顶楼，走在art deco风格的楼梯上仿佛穿越到菲茨杰拉德笔下的盖茨比的豪宅，狭小的桌子配上红色的幕布与闪闪发光的灯牌又让人觉得梦回百老汇，等待后台补妆的大明星登场 2️⃣边吃边看歌舞表演 可以点餐，点酒，一边吃一边看歌舞秀。而且意外的是食物还不错！表扬奶酪配蓝莓和脆饼干那个甜品，以及意面！ 3️⃣歌舞太强了！！！ 最后也是最重要的是，这真的是一场非常非常美，非常震撼的表演😭😭😭演员的唱功和舞蹈能力都太强了，那种力量与美真的很震撼人心。《兰心大戏院》这个剧目里面还串烧了一下芝加哥里的all that jazz！我不是一个狂热的音乐剧爱好者，但也深受感染！ 总之就是，推荐每一个人去看！ 4️⃣价格 票价节假日周末是200每人，工作日晚上好像是150，然后工作日没有低消，节假日周末的2-3人小桌低消一桌500 #五一去哪玩 #上海旅游攻略 #兰心大戏院 #音乐剧 #上海音乐剧 #上海周末去哪儿 #上海CityWalk #上海酒吧 #盖茨比,2023-05-01T00:00:00.000Z,http://sns-webpic-qc.xhscdn.com/202310250345/4039067761c843b62a96a6643f1e74db/1000g0082e3v8nmqha0005n5t97e5vlnkn5a6ov8!nd_whgt34_webp_prv_1.jpg,2612,644f27950000000013004773,5cbd49dc000000001703d6f4
653826e392db152759a288bf,1100000,14000,么么灵,24,114,以电影为主题的bar 很有意思 #发现宝藏小酒馆 #喝酒 #鸡尾酒 #探店 #清吧,2023-06-21T00:00:00.000Z,http://sns-webpic-qc.xhscdn.com/202310250345/c7ea66f765eacb5c4be9b7012d700e9f/1000g0082mctoquiji02g5ndnqpm08bj540duvp0!nd_whgt34_webp_prv_1.jpg,2412,6492fb860000000013017ec2,5db7d66c0000000001002e65
653826e392db152759a288c0,22000,332,Jinni,22,203,在长乐路一晚喝了5杯酒，每一杯都又便宜又好喝！ 长乐路沿街都是特调鸡尾酒店，价格也就一杯奶茶钱，口味也太丰富了。超多人拿着一杯酒在马路上边走边喝，喝到下一家再来一杯，E人天堂啊。 无关年龄无关性别，感受自由又浪漫的时刻，氛围感拉满，喜欢上海的理由又多了一个！ 	 一些推荐 🥂Tonic Bar 均价30 推荐屠苏、Floyd ROSE（奶油甜酒）、浆果大爆炸 杯子可以打包带走 大多是玻璃杯 酒精度较低 点单时可以选择增加酒精度 	 🥂Jolly Bar 均价30 推荐山楂威士忌酸 西瓜特调 酒乐蜜桃 盲点没有踩雷 蜜桃偏甜 山楂偏酸 可根据果味选择 	 🥂公路商店 均价30 推荐老板特调 冻梨酒 经典款肯定没错 冻梨非常有特色 不可错过的打卡地 	 🥂Lemon Twist 均价30 推荐荔枝马天尼 绿山茶花莫吉托 （更正）有小伙伴说带非一次性杯子来能减5元 	 🥂Laundry.co 均价120 推荐逃离拉斯维加斯 大菠萝 门店是洗衣房装修 打开里面别有洞天 街边喝完走累了 可以来这里坐坐 	 🗺️最后附上地图（p12）一家酒吧一杯酒，快带上你的酒鬼朋友来打卡吧 	 #100家探店计划 #笔记灵感 #上海探店 #上海喝酒好去处 #平价小酒 #上海喝酒 #氛围感清吧 #夜生活 #长乐路 #鸡尾酒 #发现宝藏小酒馆 #探店 #清吧 #上海Citywalk #今夜来一杯微醺酒 #长乐路 @城市情报官 @生活薯 @吃货薯,2023-08-20T00:00:00.000Z,http://sns-webpic-qc.xhscdn.com/202310250345/3ea300e3b4ed90107e7c81ba965e540b/1040g00830o031keu1m0049emud5k8o10o7fsi88!nd_whgt34_webp_prv_1.jpg,2403,64e1b09b0000000010032343,5903cb4482ec39716ffd6020
653826e392db152759a288c1,427000,8588,芋圆很yuan,24,283,竟然有一杯酒叫做刘玉玲！！ 真的对女生很友好了…… 	 #酒馆 #发现宝藏小酒馆 #小酒馆 #静安寺 #上海 #上海美食 #上海酒吧,2023-10-18T00:00:00.000Z,http://sns-webpic-qc.xhscdn.com/202310250345/f4ce068ad62770b712dcec1f484d2da3/1040g00830qcaone80c105ommit00g706e3b4no8!nd_whgt34_webp_prv_1.jpg,2355,652fc415000000001d0171d7,62d697400000000002001c06
653826e392db152759a288c2,9410,184,毛毛毛、,24,333,还在公司会议室边开会边思考🤔几点下班的我… 朋友从苏州来的路上，邀请去【REBORN FAMILY 】 老板过生日，23:00之前免费畅饮… 毕竟陪一下朋友（顺便能见识一下gay吧是什么样的）就去了！ 	 2023.04.28打卡gay吧体验 酒吧：酒免费没啥好说的。 这个酒吧空间很大，显然就是留足够的空间嗨。 👬：说说我对gay吧的体感 （当然我不混圈，对拉子，gay都不算太了解） 1⃣️gay圈真的是太卷了，身材管理绝了，一眼望去都是“健身教练” 2⃣️gay吧真是好多男人啊！！而且个子又高，我就被埋没在中间了，也会有小姐姐在里面玩，但感觉直女比较多（可能是因为gay吧气氛太好了，而且女生在这里很安全） 3⃣️第一次觉得男人堆里没有难闻的味道，穿着也不会邋里邋遢，不会有异味。 一般电梯里面多几个男的，那味道我就受不了。 （想起每次公司会议室，一群研发开会的情景） 4⃣️ gay真的很放得开，很喜欢表现自己，也充满自信，很勇。而且大家对K-pop简直刻在DNA里的热情～ 放到blackpink 和 twice的歌…明明大家互相不认识，却跳出了团魂，动作整齐划一，像在看演出 😂 解压的一晚，开启假期。感谢朋友带着见世面～ #酒吧 #上海酒吧 #上海周末去哪儿,2023-04-29T00:00:00.000Z,http://sns-webpic-qc.xhscdn.com/202310250345/a7f0f3e7dd012d67efcaa070a9ff1bc6/1000g0082dr8j52kgu0005nui8kq09e645f3btf0!nd_whgt34_webp_prv_1.jpg,2290,644ceccb000000001203d945,5fd24534000000000100b8c4
653826e392db152759a288c3,462000,7665,考拉也会瘦,24,124,古早鸡尾酒🍹还蛮特别的 水果潘趣酒口感酸甜 很适合女生 Bishop度数比较高 入口深沉 值得细品～,2023-09-11T00:00:00.000Z,http://sns-webpic-qc.xhscdn.com/202310250345/cd189ff1e5ab5cb66c6b6cb07c666de7/1040g00830osqq45e44004a49nrshsviv9336tb8!nd_whgt34_webp_prv_1.jpg,2265,64ff1f54000000001f0343c7,5ac5791e4eacab6e56367e5f
653826e392db152759a288c4,128000,2199,弹你脑壳儿,24,262,很特别的一家bar 酒单是爱情白皮书，打开可以先做做测试 看自己是不是海王hhhh 	 然后就可以点自己专属的那一杯 每杯酒的名字都很有意思 	 「做鱼的快乐」喝起来是青柠蜜瓜味儿的，很清爽，喝完嘴里还有茉莉花香家 「我在闹TA在笑」有淡淡的西瓜味和檀香味，很奇特，酒精度数相对于比较高，酒量好的以试试看 「楂不自知」入口像山楂味果汁，甜甜的~上层的是用蛋清打的奶盖，入口很绵柔 	 #今夜来一杯微醺酒 #笔记灵感 #上海魔都探店 #上海酒吧 #人气酒吧推荐 #上海探店 #MBTI,2023-01-14T00:00:00.000Z,http://sns-webpic-qc.xhscdn.com/202310250345/96ad6ffe41bb7e821c9fae9eea40958a/1000g0081st34kbqf400046q3lc5ljaqqlkgrff8!nd_whgt34_webp_prv_1.jpg,2210,63c2211f00000000180121e7,56e00b59bd0da52b0275ab5a
653826e392db152759a288c5,52000,5292,The Drinkery,24,100,不小心入了俄罗斯酒吧的坑，真的是每周都想来打卡 酒要好喝且尽兴，气氛也要热闹且好玩，老板说：这里就是没有那些乱七八糟的bullsh*t！ 5.16晚9pm-LATE The Drinkery 瑞金店派对让你不停嗨🤩就是要用最💥的音乐给你洗洗脑～ 地址:黄浦区瑞金二路50号-1 #喝酒 #清吧 #酒吧 #人气酒吧推荐 #上海探店 #喝酒日常 #上海酒吧 #今夜来一杯微醺酒 #上海魔都探店 #魔都酒吧 #魔都网红酒吧 #魔都酒吧推荐 #上海人气酒吧 #上海小众酒吧 #上海网红酒吧 #网红酒吧 #喝酒要微醺 #今天你喝酒了吗 #俄罗斯 #毛子 #战斗民族 #派对 #dj #上海周末去哪儿 #上海去哪玩 #帅哥美女都来这儿 #上海喝酒 #鸡尾酒 #街头酒吧 #上海歪果仁 #thedrinkery,2023-05-16T00:00:00.000Z,http://sns-webpic-qc.xhscdn.com/202310250345/0acf3a30491724ce7303a24377258575/1000g0082giicu6ui40005njsj9u08sk18979n78!nd_whgt34_webp_prv_1.jpg,2186,64634682000000001300c1d9,5e7c9a7c0000000001007281
653826e392db152759a288c6,1087000,20000,蒂凡尼的teatime-,24,190,就在长乐路刚开不久 算卦来选酒还挺有意思！！ 有点神奇：）朋友说确实是她心里想那个！ 	 #上海魔都探店 #上海酒吧 #喝酒日常,2023-09-04T00:00:00.000Z,http://sns-webpic-qc.xhscdn.com/202310250346/267d94159d1d53660b60a937c28a979f/1040g00830ojqiml0iu00401g8bd5bk8oqp1mh48!nd_whgt34_webp_prv_1.jpg,2143,64f5e61d000000002000322a,54e71a55a46e960f8389d118
653826e392db152759a288c7,395000,13000,哈哈冷,24,55,好喜欢上海这种沿街喝酒的氛围啊 年轻、放松且惬意在这体现的淋漓尽致！ · 每次来这里都会看到很多有趣的人或事 还能认识各种各样的朋友（有好多帅哥美女hhh 拍照也qiao出片的！随便一拍街头氛围感就来了！ #周末去哪儿 #上海探店 #上海魔都探店 #公路商店 #上海清吧 #上海公路商店 #沿街酒吧 #上海打卡 #上海拍照 #上海旅游攻略,2023-04-24T00:00:00.000Z,http://sns-webpic-qc.xhscdn.com/202310250346/3e2ef06051a526a5855ff7c220476188/1000g0082d1uqrg2h80304buiusvhsf3bt694a6g!nd_whgt34_webp_prv_1.jpg,2135,64467dc50000000013011b87,5bfe3f1e7aedb40001043c6b
653826e392db152759a288c8,855000,15000,pt向往生活,24,92,view超赞！都可以看到东方明珠 人均30-100就可以拥有外滩云端的快乐… 1⃣️沙美大楼顶楼 2⃣️船长 3⃣️外滩6号 4⃣️艾迪逊顶楼 5⃣️乍浦路桥 #上海外滩 #上海旅行 #上海酒吧 #周末去哪儿,2023-09-16T00:00:00.000Z,http://sns-webpic-qc.xhscdn.com/202310250346/cd6184f111320f1a997953827bacabee/1040g00830p3a33d1k60040mpbigk667b332scog!nd_whgt34_webp_prv_1.jpg,2115,6505c15e000000001f03c5b0,5565a143e4b1cf01b3cc18eb
653826e392db152759a288c9,153000,2407,Dagu Wawa,24,87,我实在是太喜欢这家顶层bar了～夜景泰美了！ 每次有朋友暑假来上海我总会带他们来这里坐坐 运气好还能拍到绝美日落～ 配的下酒小食好脆～ （小tip：来之前记得提前预约）,2023-07-05T00:00:00.000Z,http://sns-webpic-qc.xhscdn.com/202310250346/5c4f1d5e050f926a4aa6f8f7ce4661f8/1000g0082ol2mh1gk40005nr1osv08147civvvb8!nd_whgt34_webp_prv_1.jpg,3373,64a5742f000000001c019b8c,5f61c73e0000000001000487
653826e392db152759a288ca,8651,127,Miawannacat,12,124,是一家开在地下的bar！已经开了20年了，听说是《摆渡人》的取景地哈哈哈，老板栩栩如生地给我们讲梁朝伟坐在吧台拍戏的样子～很有趣！整个酒吧全部都是满墙涂鸦，还有桌上足球和舞池，酒水也很平价，绝对是上海最特别的bar了！#上海 #上海探店 #上海拍照 #上海酒吧 #夜生活,2023-04-07T00:00:00.000Z,http://sns-webpic-qc.xhscdn.com/202310250346/a58a298dc747b5a15e5da49ab28fd666/1000g0082aavj4j2gq0004a33ic4e4q3aqb071o8!nd_whgt34_webp_prv_1.jpg,3022,64302e5e000000000703b9f1,5a9c08e211be10147286686a
653826e392db152759a288cb,44000,1782,言寺兄,24,79,好久没更酒吧探店系列 这次是冲着穷鬼酒吧去的 金汤力21点前💰8.8一杯 酒单均价💰38  直接每样来一杯！！ 	 后面喝上头了...就只说印象比较深刻的吧！ 🍸少女的祈祷：淡淡的甜甜的酒感不重，适合不怎么能喝酒的女孩子 🥃泡泡罗勒：我最喜欢的一杯，叶片的清香叠加在舌尖跳动的跳跳糖，很好的中和了酒味，入口也比较顺滑 	 shot：点的是tequila （一个小建议：盐有点太细了）然后老板送了一打应该是伏特加shot  直接上头 	 关于环境：店面不大，有日落氛围灯有投影仪，二楼更私密一些但天热了可能会比较闷，我喜欢坐路边喝，老板有露营椅，店里的音乐也很不错，也有洗手间，很适合和穷鬼朋友一起来～马上上新了我应该还会再去！ 店名：梧桐咖啡（晚上是bar） 地址：淡水路198号 #上海酒吧 #性价比 #马路边 #早C晚A,2023-04-06T00:00:00.000Z,http://sns-webpic-qc.xhscdn.com/202310250346/4977fb75502f27cc6f0a5a32abeaa3ae/1000g0082a1b9nm2gm00049vcm8rfglu8qjbdd8o!nd_whgt34_webp_prv_1.jpg,2784,642db6f60000000007039079,5a05f6f84eacab1b091657c8
653826e392db152759a288cc,1,100,什么时候能退休,20,185,周末有的时候要冥思苦想和朋友除了吃饭喝酒还能去搞点什么活动，兰心大剧院的candor show是一个完美的选择！！ 1️⃣百老汇氛围感十足 这个bar在兰心大剧院顶楼，走在art deco风格的楼梯上仿佛穿越到菲茨杰拉德笔下的盖茨比的豪宅，狭小的桌子配上红色的幕布与闪闪发光的灯牌又让人觉得梦回百老汇，等待后台补妆的大明星登场 2️⃣边吃边看歌舞表演 可以点餐，点酒，一边吃一边看歌舞秀。而且意外的是食物还不错！表扬奶酪配蓝莓和脆饼干那个甜品，以及意面！ 3️⃣歌舞太强了！！！ 最后也是最重要的是，这真的是一场非常非常美，非常震撼的表演😭😭😭演员的唱功和舞蹈能力都太强了，那种力量与美真的很震撼人心。《兰心大戏院》这个剧目里面还串烧了一下芝加哥里的all that jazz！我不是一个狂热的音乐剧爱好者，但也深受感染！ 总之就是，推荐每一个人去看！ 4️⃣价格 票价节假日周末是200每人，工作日晚上好像是150，然后工作日没有低消，节假日周末的2-3人小桌低消一桌500 #五一去哪玩 #上海旅游攻略 #兰心大戏院 #音乐剧 #上海音乐剧 #上海周末去哪儿 #上海CityWalk #上海酒吧 #盖茨比,2023-05-01T00:00:00.000Z,http://sns-webpic-qc.xhscdn.com/202310250346/2bcbd3685928718ff73b973fbf0a702b/1000g0082e3v8nmqha0005n5t97e5vlnkn5a6ov8!nd_whgt34_webp_prv_1.jpg,2612,644f27950000000013004773,5cbd49dc000000001703d6f4
653826e392db152759a288cd,1100000,14000,么么灵,24,114,以电影为主题的bar 很有意思 #发现宝藏小酒馆 #喝酒 #鸡尾酒 #探店 #清吧,2023-06-21T00:00:00.000Z,http://sns-webpic-qc.xhscdn.com/202310250346/7d658a400897c99399e1bac520cb7297/1000g0082mctoquiji02g5ndnqpm08bj540duvp0!nd_whgt34_webp_prv_1.jpg,2412,6492fb860000000013017ec2,5db7d66c0000000001002e65
653826e392db152759a288ce,22000,332,Jinni,22,203,在长乐路一晚喝了5杯酒，每一杯都又便宜又好喝！ 长乐路沿街都是特调鸡尾酒店，价格也就一杯奶茶钱，口味也太丰富了。超多人拿着一杯酒在马路上边走边喝，喝到下一家再来一杯，E人天堂啊。 无关年龄无关性别，感受自由又浪漫的时刻，氛围感拉满，喜欢上海的理由又多了一个！ 	 一些推荐 🥂Tonic Bar 均价30 推荐屠苏、Floyd ROSE（奶油甜酒）、浆果大爆炸 杯子可以打包带走 大多是玻璃杯 酒精度较低 点单时可以选择增加酒精度 	 🥂Jolly Bar 均价30 推荐山楂威士忌酸 西瓜特调 酒乐蜜桃 盲点没有踩雷 蜜桃偏甜 山楂偏酸 可根据果味选择 	 🥂公路商店 均价30 推荐老板特调 冻梨酒 经典款肯定没错 冻梨非常有特色 不可错过的打卡地 	 🥂Lemon Twist 均价30 推荐荔枝马天尼 绿山茶花莫吉托 （更正）有小伙伴说带非一次性杯子来能减5元 	 🥂Laundry.co 均价120 推荐逃离拉斯维加斯 大菠萝 门店是洗衣房装修 打开里面别有洞天 街边喝完走累了 可以来这里坐坐 	 🗺️最后附上地图（p12）一家酒吧一杯酒，快带上你的酒鬼朋友来打卡吧 	 #100家探店计划 #笔记灵感 #上海探店 #上海喝酒好去处 #平价小酒 #上海喝酒 #氛围感清吧 #夜生活 #长乐路 #鸡尾酒 #发现宝藏小酒馆 #探店 #清吧 #上海Citywalk #今夜来一杯微醺酒 #长乐路 @城市情报官 @生活薯 @吃货薯,2023-08-20T00:00:00.000Z,http://sns-webpic-qc.xhscdn.com/202310250346/32b3fdbbb2d3468054cea933ecca5971/1040g00830o031keu1m0049emud5k8o10o7fsi88!nd_whgt34_webp_prv_1.jpg,2403,64e1b09b0000000010032343,5903cb4482ec39716ffd6020
653826e392db152759a288cf,427000,8588,芋圆很yuan,24,283,竟然有一杯酒叫做刘玉玲！！ 真的对女生很友好了…… 	 #酒馆 #发现宝藏小酒馆 #小酒馆 #静安寺 #上海 #上海美食 #上海酒吧,2023-10-18T00:00:00.000Z,http://sns-webpic-qc.xhscdn.com/202310250347/f70a4ca2b21cb2e19c074412dfbb3ded/1040g00830qcaone80c105ommit00g706e3b4no8!nd_whgt34_webp_prv_1.jpg,2355,652fc415000000001d0171d7,62d697400000000002001c06
653826e392db152759a288d0,9410,184,毛毛毛、,24,333,还在公司会议室边开会边思考🤔几点下班的我… 朋友从苏州来的路上，邀请去【REBORN FAMILY 】 老板过生日，23:00之前免费畅饮… 毕竟陪一下朋友（顺便能见识一下gay吧是什么样的）就去了！ 	 2023.04.28打卡gay吧体验 酒吧：酒免费没啥好说的。 这个酒吧空间很大，显然就是留足够的空间嗨。 👬：说说我对gay吧的体感 （当然我不混圈，对拉子，gay都不算太了解） 1⃣️gay圈真的是太卷了，身材管理绝了，一眼望去都是“健身教练” 2⃣️gay吧真是好多男人啊！！而且个子又高，我就被埋没在中间了，也会有小姐姐在里面玩，但感觉直女比较多（可能是因为gay吧气氛太好了，而且女生在这里很安全） 3⃣️第一次觉得男人堆里没有难闻的味道，穿着也不会邋里邋遢，不会有异味。 一般电梯里面多几个男的，那味道我就受不了。 （想起每次公司会议室，一群研发开会的情景） 4⃣️ gay真的很放得开，很喜欢表现自己，也充满自信，很勇。而且大家对K-pop简直刻在DNA里的热情～ 放到blackpink 和 twice的歌…明明大家互相不认识，却跳出了团魂，动作整齐划一，像在看演出 😂 解压的一晚，开启假期。感谢朋友带着见世面～ #酒吧 #上海酒吧 #上海周末去哪儿,2023-04-29T00:00:00.000Z,http://sns-webpic-qc.xhscdn.com/202310250347/0e111d331da2923ab1d933230bbd01b4/1000g0082dr8j52kgu0005nui8kq09e645f3btf0!nd_whgt34_webp_prv_1.jpg,2290,644ceccb000000001203d945,5fd24534000000000100b8c4
653826e392db152759a288d1,462000,7665,考拉也会瘦,24,124,古早鸡尾酒🍹还蛮特别的 水果潘趣酒口感酸甜 很适合女生 Bishop度数比较高 入口深沉 值得细品～,2023-09-11T00:00:00.000Z,http://sns-webpic-qc.xhscdn.com/202310250347/69e450dc9abf138fd5016317431addf8/1040g00830osqq45e44004a49nrshsviv9336tb8!nd_whgt34_webp_prv_1.jpg,2265,64ff1f54000000001f0343c7,5ac5791e4eacab6e56367e5f
653826e392db152759a288d2,128000,2199,弹你脑壳儿,24,262,很特别的一家bar 酒单是爱情白皮书，打开可以先做做测试 看自己是不是海王hhhh 	 然后就可以点自己专属的那一杯 每杯酒的名字都很有意思 	 「做鱼的快乐」喝起来是青柠蜜瓜味儿的，很清爽，喝完嘴里还有茉莉花香家 「我在闹TA在笑」有淡淡的西瓜味和檀香味，很奇特，酒精度数相对于比较高，酒量好的以试试看 「楂不自知」入口像山楂味果汁，甜甜的~上层的是用蛋清打的奶盖，入口很绵柔 	 #今夜来一杯微醺酒 #笔记灵感 #上海魔都探店 #上海酒吧 #人气酒吧推荐 #上海探店 #MBTI,2023-01-14T00:00:00.000Z,http://sns-webpic-qc.xhscdn.com/202310250347/13f22dc7ef56c4fce4f4d1061ef16476/1000g0081st34kbqf400046q3lc5ljaqqlkgrff8!nd_whgt34_webp_prv_1.jpg,2210,63c2211f00000000180121e7,56e00b59bd0da52b0275ab5a
653826e392db152759a288d3,52000,5292,The Drinkery,24,122,不小心入了俄罗斯酒吧的坑，真的是每周都想来打卡 酒要好喝且尽兴，气氛也要热闹且好玩，老板说：这里就是没有那些乱七八糟的bullsh*t！ 5.16晚9pm-LATE The Drinkery 瑞金店派对让你不停嗨🤩就是要用最💥的音乐给你洗洗脑～ 地址:黄浦区瑞金二路50号-1 #喝酒 #清吧 #酒吧 #人气酒吧推荐 #上海探店 #喝酒日常 #上海酒吧 #今夜来一杯微醺酒 #上海魔都探店 #魔都酒吧 #魔都网红酒吧 #魔都酒吧推荐 #上海人气酒吧 #上海小众酒吧 #上海网红酒吧 #网红酒吧 #喝酒要微醺 #今天你喝酒了吗 #俄罗斯 #毛子 #战斗民族 #派对 #dj #上海周末去哪儿 #上海去哪玩 #帅哥美女都来这儿 #上海喝酒 #鸡尾酒 #街头酒吧 #上海歪果仁 #thedrinkery,2023-05-16T00:00:00.000Z,http://sns-webpic-qc.xhscdn.com/202310250347/7122b3405e9f5aaa220dbcf56514fc5f/1000g0082giicu6ui40005njsj9u08sk18979n78!nd_whgt34_webp_prv_1.jpg,2186,64634682000000001300c1d9,5e7c9a7c0000000001007281
653826e392db152759a288d4,1087000,20000,蒂凡尼的teatime-,24,190,就在长乐路刚开不久 算卦来选酒还挺有意思！！ 有点神奇：）朋友说确实是她心里想那个！ 	 #上海魔都探店 #上海酒吧 #喝酒日常,2023-09-04T00:00:00.000Z,http://sns-webpic-qc.xhscdn.com/202310250347/9962602c15e5103080eea1d623e38b58/1040g00830ojqiml0iu00401g8bd5bk8oqp1mh48!nd_whgt34_webp_prv_1.jpg,2143,64f5e61d000000002000322a,54e71a55a46e960f8389d118
653826e392db152759a288d5,395000,13000,哈哈冷,24,55,好喜欢上海这种沿街喝酒的氛围啊 年轻、放松且惬意在这体现的淋漓尽致！ · 每次来这里都会看到很多有趣的人或事 还能认识各种各样的朋友（有好多帅哥美女hhh 拍照也qiao出片的！随便一拍街头氛围感就来了！ #周末去哪儿 #上海探店 #上海魔都探店 #公路商店 #上海清吧 #上海公路商店 #沿街酒吧 #上海打卡 #上海拍照 #上海旅游攻略,2023-04-24T00:00:00.000Z,http://sns-webpic-qc.xhscdn.com/202310250347/3fba69c74a4bbc352cc419e5c4af873c/1000g0082d1uqrg2h80304buiusvhsf3bt694a6g!nd_whgt34_webp_prv_1.jpg,2135,64467dc50000000013011b87,5bfe3f1e7aedb40001043c6b
653826e392db152759a288d6,855000,15000,pt向往生活,24,92,view超赞！都可以看到东方明珠 人均30-100就可以拥有外滩云端的快乐… 1⃣️沙美大楼顶楼 2⃣️船长 3⃣️外滩6号 4⃣️艾迪逊顶楼 5⃣️乍浦路桥 #上海外滩 #上海旅行 #上海酒吧 #周末去哪儿,2023-09-16T00:00:00.000Z,http://sns-webpic-qc.xhscdn.com/202310250347/cc49734495ec3f9b29f8998f4b207736/1040g00830p3a33d1k60040mpbigk667b332scog!nd_whgt34_webp_prv_1.jpg,2115,6505c15e000000001f03c5b0,5565a143e4b1cf01b3cc18eb
653826e392db152759a288d7,52000,5292,The Drinkery,24,279,"又要到大家围在街头喝酒的季节啦！就凭这氛围秒入欧洲～ 1⃣️定要在最好的天气感受下在俄式街头酒吧的惬意,即使一个人来也不会觉得拘谨，酒鬼快乐水➕社牛带你一起飞 520绝对不在家里过！The Drinkery 武定店给你别样惊喜单身特调·午夜情仅此1⃣️天！9pm-late还有派对带你嗨～ #酒吧 #上海探店 #喝酒日常 #上海 #网红酒吧 #上海酒吧 #人气酒吧推荐 #上海人气酒吧 #上海小众酒吧 #上海人气酒吧推荐 #魔都探店 #上海魔都探店 #魔都酒吧 #520 #520去哪儿 #单身 #喝酒 #喝酒要微醺 #周末就是喝酒 #今天你喝酒了吗 #上海周末去哪儿 #帅哥美女都来这儿 #战斗民族 #俄罗斯 #毛子 #小酒馆 #发现宝藏小酒馆 #上海小酒馆 #我的夜生活 #thedrinkery #520情人节 #派对 #上海派对",2023-05-19T00:00:00.000Z,http://sns-webpic-qc.xhscdn.com/202310250347/a3cf2c32c48f412f1330e4990e12442e/1000g0082h203fqiio0005njsj9u08sk1pvpvg0g!nd_whgt34_webp_prv_1.jpg,1991,6467399d000000000703a695,5e7c9a7c0000000001007281
653826e392db152759a288d8,1548000,22000,佳佳不爱洗头发,24,81,点杯酒就可以坐拥绝美外滩，记得一定要在露台拍 想吃饭店里也有日料 #上海拍照 #外滩拍照 #景观bar,2023-07-17T00:00:00.000Z,http://sns-webpic-qc.xhscdn.com/202310250347/25428c41ded8aed1179c4d236aa21cc2/1000g0082qh3q1bmjs0404aah3jupdpidacquc5o!nd_whgt34_webp_prv_1.jpg,1958,64b4dca60000000016026e55,5b693d96c39aaf0001cee64d
653826e392db152759a288d9,137000,30000,董新,24,54,晚上当然是和朋友去蹦迪啦 🏷️上海INS复兴·乐园 总共有六层 每一层都有不同的主题 之后还有百大DJ与王嘉尔同台演出 很是期待了 #上海探店,2023-06-23T00:00:00.000Z,http://sns-webpic-qc.xhscdn.com/202310250347/f9d9fe3dcfed19efa187d8739d56c8a2/1000g0082mn6i45ijo0004a4hb6ojrhvv58uh3jg!nd_whgt34_webp_prv_1.jpg,1882,64959cdc000000002702b292,5ad1f13d4eacab2af927c7ff
653826e392db152759a288da,326000,15000,酒酿小丸纸(｡•ˇ‸ˇ•｡),24,71,尊嘟好酷阿！！离家很近偶然发现的bar！！一整栋废墟赛博朋克！！里面是2层楼，装修居然还有点歌剧魅影那味儿，香蕉共和国很好喝...秋天了🉑室外太chill 	 #浪漫生活的记录者 #周末去哪儿 #酒吧 #上海酒吧 #上海新店 #小酒馆 #约会好去处 #发现宝藏小酒馆 #设计 #拍照,2023-09-12T00:00:00.000Z,http://sns-webpic-qc.xhscdn.com/202310250348/c500608d0669581c4e20b97445b7381d/1040g00830othvlcm3m00491cu8j8jbgf6t58ksg!nd_whgt34_webp_prv_1.jpg,1833,64ffdd2a0000000020001008,5874e6896a6a69044082ae0f
653826e392db152759a288db,92000,11000,老桂爱喝酒,24,101,老桂🉐“穷鬼系列”酒吧探店又来辣！！ 这一期全在长乐路 全在30/杯 简直不能再便宜 【lemon twist】 他们太会营销了 全上海现在都是金汤力自由 金汤力）9.9💰这个性价比没什么好挑的 大家可以冲着活动期冲一下 长乐冰茶）30+💰肉桂+话梅+黄瓜的组合 很爽口 值得一试 酒品：⭐⭐ 聚会指数：⭐⭐⭐ 性价比：⭐⭐⭐⭐⭐ 【624】 上海最🔥的公路商店 无人不知 无人不晓 他们家主打的就是聚会文化 一整个酒吧贴满了酒友们的照片 你也可以把照片贴在里面 留下酒友们的纪念 门口站满了小年轻 如果你是社牛就请加入他们 （亲眼见到一个兄弟追着卖花的阿姨说要包月她的花 逼的社牛的卖花阿姨想逃走 他们家的特点——老板娘：我这里就是随意地喝酒 自由地喝酒 酒品）威士忌 香槟 葡萄酒 烧酒 啤酒 应有尽有 酒喝不完可以存六个月 卖的是真便宜  酒品：⭐⭐⭐ 聚会指数：⭐⭐⭐⭐ 性价比：⭐⭐⭐ 【tonic】 著名的喝酒送杯子就是他们家 你也分不清到底是奶茶店还是鸡尾酒吧——每一杯都很少女心 可以加酒精 所以想喝多的把那个“➕”给我点起来 他们最大的优势就是——能！外！！带！！！ 如果想点一杯回家喝 过去买完回家就能搞好 非常方便🆘 浆果大爆炸）30+💰莓果的酸甜配上爽口的冰饮 夏日开胃必备 晴天）30+💰奶昔的口感配上朗姆酒的热情奔放 打出的奶盖很好入口 有点像酸奶 女孩子可以入 凤梨大战百香果）30+💰也是夏日氛围饮料 水果香气很足 记得加酒精 酒品：⭐⭐⭐ 聚会指数：⭐⭐ 性价比：⭐⭐⭐⭐ 	 总结：气氛太好了 老桂相信！ 以你们的本事 喝穿一条街应该问题不大 自由喝酒 ！夏日聚会 ！都在这里了 ！！ 好了 穷鬼们 都给我去冲 Ps.最后推荐一下在襄阳北路（左转过去两步路 的沙县 他们家19块鸡肉面好香 量好足 饿鬼快去呜呜 #上海旅游攻略 #人气酒吧推荐 #适合女生喝的酒 #酒吧 #周末探店 #上海探店 #探店 #今夜来一杯微醺酒 #聚会 #公路酒吧 #长乐路 #长乐路探店 #长乐路酒吧 #雞尾酒  #穷鬼鸡尾酒地图 @吃货薯,2023-03-26T00:00:00.000Z,http://sns-webpic-qc.xhscdn.com/202310250348/599f3d1b9e98675b8997bda084809da8/1000g00828c7ks3efk0004a785tl7uao43rtie90!nd_whgt34_webp_prv_1.jpg,1812,64201e140000000013002be8,5b4dea7ff7e8b931a88e2b04
653826e392db152759a288dc,52000,5292,The Drinkery,24,360,都2023了！我不允许在上海的姐妹居然还没体验过在俄罗斯酒吧喝酒的快乐 不仅酒要好喝，也要玩的痛快🤩人均50元的快乐它不香么？ #酒吧  #上海探店  #喝酒日常  #上海  #上海喝酒  #上海酒吧  #上海酒吧推荐  #上海人气酒吧  #魔都  #魔都探店  #喝酒要微醺  #今天你喝酒了吗  #周末去哪儿  #周末就是喝酒  #清吧  #上海清吧  #氛围感清吧  #俄罗斯  #俄罗斯帅哥  #战斗民族  #毛子  #185大帅哥  #帅哥  #帅哥美女都来这儿  #thedrinkery  #外国人  #外国帅哥,2023-01-28T00:00:00.000Z,http://sns-webpic-qc.xhscdn.com/202310250348/3552167c27a46d847c3ad901fb2be575/spectrum/1000g0k01v5j6dlof40005njsj9u08sk1a410i28!nd_whgt34_webp_prv_1.jpg,1809,63d4b2390000000008004ff7,5e7c9a7c0000000001007281
653826e392db152759a288dd,153000,2407,Dagu Wawa,24,87,我实在是太喜欢这家顶层bar了～夜景泰美了！ 每次有朋友暑假来上海我总会带他们来这里坐坐 运气好还能拍到绝美日落～ 配的下酒小食好脆～ （小tip：来之前记得提前预约）,2023-07-05T00:00:00.000Z,http://sns-webpic-qc.xhscdn.com/202310250348/1628f99a1a2a661056f30ff65152120b/1000g0082ol2mh1gk40005nr1osv08147civvvb8!nd_whgt34_webp_prv_1.jpg,3373,64a5742f000000001c019b8c,5f61c73e0000000001000487
653826e392db152759a288de,8651,127,Miawannacat,12,124,是一家开在地下的bar！已经开了20年了，听说是《摆渡人》的取景地哈哈哈，老板栩栩如生地给我们讲梁朝伟坐在吧台拍戏的样子～很有趣！整个酒吧全部都是满墙涂鸦，还有桌上足球和舞池，酒水也很平价，绝对是上海最特别的bar了！#上海 #上海探店 #上海拍照 #上海酒吧 #夜生活,2023-04-07T00:00:00.000Z,http://sns-webpic-qc.xhscdn.com/202310250348/c345b2c1162c351f217ae222826a2619/1000g0082aavj4j2gq0004a33ic4e4q3aqb071o8!nd_whgt34_webp_prv_1.jpg,3022,64302e5e000000000703b9f1,5a9c08e211be10147286686a
653826e392db152759a288df,44000,1782,言寺兄,24,79,好久没更酒吧探店系列 这次是冲着穷鬼酒吧去的 金汤力21点前💰8.8一杯 酒单均价💰38  直接每样来一杯！！ 	 后面喝上头了...就只说印象比较深刻的吧！ 🍸少女的祈祷：淡淡的甜甜的酒感不重，适合不怎么能喝酒的女孩子 🥃泡泡罗勒：我最喜欢的一杯，叶片的清香叠加在舌尖跳动的跳跳糖，很好的中和了酒味，入口也比较顺滑 	 shot：点的是tequila （一个小建议：盐有点太细了）然后老板送了一打应该是伏特加shot  直接上头 	 关于环境：店面不大，有日落氛围灯有投影仪，二楼更私密一些但天热了可能会比较闷，我喜欢坐路边喝，老板有露营椅，店里的音乐也很不错，也有洗手间，很适合和穷鬼朋友一起来～马上上新了我应该还会再去！ 店名：梧桐咖啡（晚上是bar） 地址：淡水路198号 #上海酒吧 #性价比 #马路边 #早C晚A,2023-04-06T00:00:00.000Z,http://sns-webpic-qc.xhscdn.com/202310250348/7c9ce86332a22906863ddfc358666e31/1000g0082a1b9nm2gm00049vcm8rfglu8qjbdd8o!nd_whgt34_webp_prv_1.jpg,2784,642db6f60000000007039079,5a05f6f84eacab1b091657c8
653826e392db152759a288e0,7546,159,什么时候能退休,20,185,周末有的时候要冥思苦想和朋友除了吃饭喝酒还能去搞点什么活动，兰心大剧院的candor show是一个完美的选择！！ 1️⃣百老汇氛围感十足 这个bar在兰心大剧院顶楼，走在art deco风格的楼梯上仿佛穿越到菲茨杰拉德笔下的盖茨比的豪宅，狭小的桌子配上红色的幕布与闪闪发光的灯牌又让人觉得梦回百老汇，等待后台补妆的大明星登场 2️⃣边吃边看歌舞表演 可以点餐，点酒，一边吃一边看歌舞秀。而且意外的是食物还不错！表扬奶酪配蓝莓和脆饼干那个甜品，以及意面！ 3️⃣歌舞太强了！！！ 最后也是最重要的是，这真的是一场非常非常美，非常震撼的表演😭😭😭演员的唱功和舞蹈能力都太强了，那种力量与美真的很震撼人心。《兰心大戏院》这个剧目里面还串烧了一下芝加哥里的all that jazz！我不是一个狂热的音乐剧爱好者，但也深受感染！ 总之就是，推荐每一个人去看！ 4️⃣价格 票价节假日周末是200每人，工作日晚上好像是150，然后工作日没有低消，节假日周末的2-3人小桌低消一桌500 #五一去哪玩 #上海旅游攻略 #兰心大戏院 #音乐剧 #上海音乐剧 #上海周末去哪儿 #上海CityWalk #上海酒吧 #盖茨比,2023-05-01T00:00:00.000Z,http://sns-webpic-qc.xhscdn.com/202310250348/9083d4583c18051804f18bd05f26ab66/1000g0082e3v8nmqha0005n5t97e5vlnkn5a6ov8!nd_whgt34_webp_prv_1.jpg,2612,644f27950000000013004773,5cbd49dc000000001703d6f4
653826e392db152759a288e1,1100000,14000,么么灵,24,114,以电影为主题的bar 很有意思 #发现宝藏小酒馆 #喝酒 #鸡尾酒 #探店 #清吧,2023-06-21T00:00:00.000Z,http://sns-webpic-qc.xhscdn.com/202310250348/0f339023da31f7fee467db87842d6a43/1000g0082mctoquiji02g5ndnqpm08bj540duvp0!nd_whgt34_webp_prv_1.jpg,2412,6492fb860000000013017ec2,5db7d66c0000000001002e65
653826e392db152759a288e2,22000,332,Jinni,22,203,在长乐路一晚喝了5杯酒，每一杯都又便宜又好喝！ 长乐路沿街都是特调鸡尾酒店，价格也就一杯奶茶钱，口味也太丰富了。超多人拿着一杯酒在马路上边走边喝，喝到下一家再来一杯，E人天堂啊。 无关年龄无关性别，感受自由又浪漫的时刻，氛围感拉满，喜欢上海的理由又多了一个！ 	 一些推荐 🥂Tonic Bar 均价30 推荐屠苏、Floyd ROSE（奶油甜酒）、浆果大爆炸 杯子可以打包带走 大多是玻璃杯 酒精度较低 点单时可以选择增加酒精度 	 🥂Jolly Bar 均价30 推荐山楂威士忌酸 西瓜特调 酒乐蜜桃 盲点没有踩雷 蜜桃偏甜 山楂偏酸 可根据果味选择 	 🥂公路商店 均价30 推荐老板特调 冻梨酒 经典款肯定没错 冻梨非常有特色 不可错过的打卡地 	 🥂Lemon Twist 均价30 推荐荔枝马天尼 绿山茶花莫吉托 （更正）有小伙伴说带非一次性杯子来能减5元 	 🥂Laundry.co 均价120 推荐逃离拉斯维加斯 大菠萝 门店是洗衣房装修 打开里面别有洞天 街边喝完走累了 可以来这里坐坐 	 🗺️最后附上地图（p12）一家酒吧一杯酒，快带上你的酒鬼朋友来打卡吧 	 #100家探店计划 #笔记灵感 #上海探店 #上海喝酒好去处 #平价小酒 #上海喝酒 #氛围感清吧 #夜生活 #长乐路 #鸡尾酒 #发现宝藏小酒馆 #探店 #清吧 #上海Citywalk #今夜来一杯微醺酒 #长乐路 @城市情报官 @生活薯 @吃货薯,2023-08-20T00:00:00.000Z,http://sns-webpic-qc.xhscdn.com/202310250348/76d267f9b4bb72c7dcd78a9c1c575f80/1040g00830o031keu1m0049emud5k8o10o7fsi88!nd_whgt34_webp_prv_1.jpg,2403,64e1b09b0000000010032343,5903cb4482ec39716ffd6020
653826e392db152759a288e3,427000,8588,芋圆很yuan,24,283,竟然有一杯酒叫做刘玉玲！！ 真的对女生很友好了…… 	 #酒馆 #发现宝藏小酒馆 #小酒馆 #静安寺 #上海 #上海美食 #上海酒吧,2023-10-18T00:00:00.000Z,http://sns-webpic-qc.xhscdn.com/202310250349/24853a7af12f9e5b1a502905fac01547/1040g00830qcaone80c105ommit00g706e3b4no8!nd_whgt34_webp_prv_1.jpg,2355,652fc415000000001d0171d7,62d697400000000002001c06
653826e392db152759a288e4,9410,184,毛毛毛、,24,333,还在公司会议室边开会边思考🤔几点下班的我… 朋友从苏州来的路上，邀请去【REBORN FAMILY 】 老板过生日，23:00之前免费畅饮… 毕竟陪一下朋友（顺便能见识一下gay吧是什么样的）就去了！ 	 2023.04.28打卡gay吧体验 酒吧：酒免费没啥好说的。 这个酒吧空间很大，显然就是留足够的空间嗨。 👬：说说我对gay吧的体感 （当然我不混圈，对拉子，gay都不算太了解） 1⃣️gay圈真的是太卷了，身材管理绝了，一眼望去都是“健身教练” 2⃣️gay吧真是好多男人啊！！而且个子又高，我就被埋没在中间了，也会有小姐姐在里面玩，但感觉直女比较多（可能是因为gay吧气氛太好了，而且女生在这里很安全） 3⃣️第一次觉得男人堆里没有难闻的味道，穿着也不会邋里邋遢，不会有异味。 一般电梯里面多几个男的，那味道我就受不了。 （想起每次公司会议室，一群研发开会的情景） 4⃣️ gay真的很放得开，很喜欢表现自己，也充满自信，很勇。而且大家对K-pop简直刻在DNA里的热情～ 放到blackpink 和 twice的歌…明明大家互相不认识，却跳出了团魂，动作整齐划一，像在看演出 😂 解压的一晚，开启假期。感谢朋友带着见世面～ #酒吧 #上海酒吧 #上海周末去哪儿,2023-04-29T00:00:00.000Z,http://sns-webpic-qc.xhscdn.com/202310250349/a120baf9dc4f349172889e6fff3df0ce/1000g0082dr8j52kgu0005nui8kq09e645f3btf0!nd_whgt34_webp_prv_1.jpg,2290,644ceccb000000001203d945,5fd24534000000000100b8c4
653826e392db152759a288e5,462000,7665,考拉也会瘦,24,124,古早鸡尾酒🍹还蛮特别的 水果潘趣酒口感酸甜 很适合女生 Bishop度数比较高 入口深沉 值得细品～,2023-09-11T00:00:00.000Z,http://sns-webpic-qc.xhscdn.com/202310250349/39aa03ad965769ef5a16e42712dfa73a/1040g00830osqq45e44004a49nrshsviv9336tb8!nd_whgt34_webp_prv_1.jpg,2265,64ff1f54000000001f0343c7,5ac5791e4eacab6e56367e5f
653826e392db152759a288e6,128000,2199,弹你脑壳儿,24,262,很特别的一家bar 酒单是爱情白皮书，打开可以先做做测试 看自己是不是海王hhhh 	 然后就可以点自己专属的那一杯 每杯酒的名字都很有意思 	 「做鱼的快乐」喝起来是青柠蜜瓜味儿的，很清爽，喝完嘴里还有茉莉花香家 「我在闹TA在笑」有淡淡的西瓜味和檀香味，很奇特，酒精度数相对于比较高，酒量好的以试试看 「楂不自知」入口像山楂味果汁，甜甜的~上层的是用蛋清打的奶盖，入口很绵柔 	 #今夜来一杯微醺酒 #笔记灵感 #上海魔都探店 #上海酒吧 #人气酒吧推荐 #上海探店 #MBTI,2023-01-14T00:00:00.000Z,http://sns-webpic-qc.xhscdn.com/202310250349/bb041d212c6a7b6ed7c5f070c3d4864f/1000g0081st34kbqf400046q3lc5ljaqqlkgrff8!nd_whgt34_webp_prv_1.jpg,2210,63c2211f00000000180121e7,56e00b59bd0da52b0275ab5a
653826e392db152759a288e7,52000,5292,The Drinkery,24,122,不小心入了俄罗斯酒吧的坑，真的是每周都想来打卡 酒要好喝且尽兴，气氛也要热闹且好玩，老板说：这里就是没有那些乱七八糟的bullsh*t！ 5.16晚9pm-LATE The Drinkery 瑞金店派对让你不停嗨🤩就是要用最💥的音乐给你洗洗脑～ 地址:黄浦区瑞金二路50号-1 #喝酒 #清吧 #酒吧 #人气酒吧推荐 #上海探店 #喝酒日常 #上海酒吧 #今夜来一杯微醺酒 #上海魔都探店 #魔都酒吧 #魔都网红酒吧 #魔都酒吧推荐 #上海人气酒吧 #上海小众酒吧 #上海网红酒吧 #网红酒吧 #喝酒要微醺 #今天你喝酒了吗 #俄罗斯 #毛子 #战斗民族 #派对 #dj #上海周末去哪儿 #上海去哪玩 #帅哥美女都来这儿 #上海喝酒 #鸡尾酒 #街头酒吧 #上海歪果仁 #thedrinkery,2023-05-16T00:00:00.000Z,http://sns-webpic-qc.xhscdn.com/202310250349/8d834851574495e8daaaa2be99957270/1000g0082giicu6ui40005njsj9u08sk18979n78!nd_whgt34_webp_prv_1.jpg,2186,64634682000000001300c1d9,5e7c9a7c0000000001007281
653826e392db152759a288e8,1087000,20000,蒂凡尼的teatime-,24,190,就在长乐路刚开不久 算卦来选酒还挺有意思！！ 有点神奇：）朋友说确实是她心里想那个！ 	 #上海魔都探店 #上海酒吧 #喝酒日常,2023-09-04T00:00:00.000Z,http://sns-webpic-qc.xhscdn.com/202310250349/4c3b6f97394024272b1fc71c3ed20765/1040g00830ojqiml0iu00401g8bd5bk8oqp1mh48!nd_whgt34_webp_prv_1.jpg,2143,64f5e61d000000002000322a,54e71a55a46e960f8389d118
653826e392db152759a288e9,395000,13000,哈哈冷,24,55,好喜欢上海这种沿街喝酒的氛围啊 年轻、放松且惬意在这体现的淋漓尽致！ · 每次来这里都会看到很多有趣的人或事 还能认识各种各样的朋友（有好多帅哥美女hhh 拍照也qiao出片的！随便一拍街头氛围感就来了！ #周末去哪儿 #上海探店 #上海魔都探店 #公路商店 #上海清吧 #上海公路商店 #沿街酒吧 #上海打卡 #上海拍照 #上海旅游攻略,2023-04-24T00:00:00.000Z,http://sns-webpic-qc.xhscdn.com/202310250349/80c5c27b3a2cdf95d43d6dc7a2817054/1000g0082d1uqrg2h80304buiusvhsf3bt694a6g!nd_whgt34_webp_prv_1.jpg,2135,64467dc50000000013011b87,5bfe3f1e7aedb40001043c6b
653826e392db152759a288ea,855000,15000,pt向往生活,24,92,view超赞！都可以看到东方明珠 人均30-100就可以拥有外滩云端的快乐… 1⃣️沙美大楼顶楼 2⃣️船长 3⃣️外滩6号 4⃣️艾迪逊顶楼 5⃣️乍浦路桥 #上海外滩 #上海旅行 #上海酒吧 #周末去哪儿,2023-09-16T00:00:00.000Z,http://sns-webpic-qc.xhscdn.com/202310250349/98ea173df3fc5f5924c5e53eab3a504d/1040g00830p3a33d1k60040mpbigk667b332scog!nd_whgt34_webp_prv_1.jpg,2115,6505c15e000000001f03c5b0,5565a143e4b1cf01b3cc18eb
653826e392db152759a288eb,52000,5292,The Drinkery,24,279,"又要到大家围在街头喝酒的季节啦！就凭这氛围秒入欧洲～ 1⃣️定要在最好的天气感受下在俄式街头酒吧的惬意,即使一个人来也不会觉得拘谨，酒鬼快乐水➕社牛带你一起飞 520绝对不在家里过！The Drinkery 武定店给你别样惊喜单身特调·午夜情仅此1⃣️天！9pm-late还有派对带你嗨～ #酒吧 #上海探店 #喝酒日常 #上海 #网红酒吧 #上海酒吧 #人气酒吧推荐 #上海人气酒吧 #上海小众酒吧 #上海人气酒吧推荐 #魔都探店 #上海魔都探店 #魔都酒吧 #520 #520去哪儿 #单身 #喝酒 #喝酒要微醺 #周末就是喝酒 #今天你喝酒了吗 #上海周末去哪儿 #帅哥美女都来这儿 #战斗民族 #俄罗斯 #毛子 #小酒馆 #发现宝藏小酒馆 #上海小酒馆 #我的夜生活 #thedrinkery #520情人节 #派对 #上海派对",2023-05-19T00:00:00.000Z,http://sns-webpic-qc.xhscdn.com/202310250349/5a7f0202cadd2d140ed11a22e96d1fa4/1000g0082h203fqiio0005njsj9u08sk1pvpvg0g!nd_whgt34_webp_prv_1.jpg,1991,6467399d000000000703a695,5e7c9a7c0000000001007281
653826e392db152759a288ec,1548000,22000,佳佳不爱洗头发,24,81,点杯酒就可以坐拥绝美外滩，记得一定要在露台拍 想吃饭店里也有日料 #上海拍照 #外滩拍照 #景观bar,2023-07-17T00:00:00.000Z,http://sns-webpic-qc.xhscdn.com/202310250349/df92a5b135b3dcf5b5ae2d22ebe8f080/1000g0082qh3q1bmjs0404aah3jupdpidacquc5o!nd_whgt34_webp_prv_1.jpg,1958,64b4dca60000000016026e55,5b693d96c39aaf0001cee64d
653826e392db152759a288ed,137000,30000,董新,24,54,晚上当然是和朋友去蹦迪啦 🏷️上海INS复兴·乐园 总共有六层 每一层都有不同的主题 之后还有百大DJ与王嘉尔同台演出 很是期待了 #上海探店,2023-06-23T00:00:00.000Z,http://sns-webpic-qc.xhscdn.com/202310250349/b7bfa48bd1515ac4e60d1eca4d2da816/1000g0082mn6i45ijo0004a4hb6ojrhvv58uh3jg!nd_whgt34_webp_prv_1.jpg,1882,64959cdc000000002702b292,5ad1f13d4eacab2af927c7ff
653826e392db152759a288ee,326000,15000,酒酿小丸纸(｡•ˇ‸ˇ•｡),24,71,尊嘟好酷阿！！离家很近偶然发现的bar！！一整栋废墟赛博朋克！！里面是2层楼，装修居然还有点歌剧魅影那味儿，香蕉共和国很好喝...秋天了🉑室外太chill 	 #浪漫生活的记录者 #周末去哪儿 #酒吧 #上海酒吧 #上海新店 #小酒馆 #约会好去处 #发现宝藏小酒馆 #设计 #拍照,2023-09-12T00:00:00.000Z,http://sns-webpic-qc.xhscdn.com/202310250349/735c5775b22baceb0b5547264c1c74c9/1040g00830othvlcm3m00491cu8j8jbgf6t58ksg!nd_whgt34_webp_prv_1.jpg,1833,64ffdd2a0000000020001008,5874e6896a6a69044082ae0f
653826e392db152759a288ef,92000,11000,老桂爱喝酒,24,101,老桂🉐“穷鬼系列”酒吧探店又来辣！！ 这一期全在长乐路 全在30/杯 简直不能再便宜 【lemon twist】 他们太会营销了 全上海现在都是金汤力自由 金汤力）9.9💰这个性价比没什么好挑的 大家可以冲着活动期冲一下 长乐冰茶）30+💰肉桂+话梅+黄瓜的组合 很爽口 值得一试 酒品：⭐⭐ 聚会指数：⭐⭐⭐ 性价比：⭐⭐⭐⭐⭐ 【624】 上海最🔥的公路商店 无人不知 无人不晓 他们家主打的就是聚会文化 一整个酒吧贴满了酒友们的照片 你也可以把照片贴在里面 留下酒友们的纪念 门口站满了小年轻 如果你是社牛就请加入他们 （亲眼见到一个兄弟追着卖花的阿姨说要包月她的花 逼的社牛的卖花阿姨想逃走 他们家的特点——老板娘：我这里就是随意地喝酒 自由地喝酒 酒品）威士忌 香槟 葡萄酒 烧酒 啤酒 应有尽有 酒喝不完可以存六个月 卖的是真便宜  酒品：⭐⭐⭐ 聚会指数：⭐⭐⭐⭐ 性价比：⭐⭐⭐ 【tonic】 著名的喝酒送杯子就是他们家 你也分不清到底是奶茶店还是鸡尾酒吧——每一杯都很少女心 可以加酒精 所以想喝多的把那个“➕”给我点起来 他们最大的优势就是——能！外！！带！！！ 如果想点一杯回家喝 过去买完回家就能搞好 非常方便🆘 浆果大爆炸）30+💰莓果的酸甜配上爽口的冰饮 夏日开胃必备 晴天）30+💰奶昔的口感配上朗姆酒的热情奔放 打出的奶盖很好入口 有点像酸奶 女孩子可以入 凤梨大战百香果）30+💰也是夏日氛围饮料 水果香气很足 记得加酒精 酒品：⭐⭐⭐ 聚会指数：⭐⭐ 性价比：⭐⭐⭐⭐ 	 总结：气氛太好了 老桂相信！ 以你们的本事 喝穿一条街应该问题不大 自由喝酒 ！夏日聚会 ！都在这里了 ！！ 好了 穷鬼们 都给我去冲 Ps.最后推荐一下在襄阳北路（左转过去两步路 的沙县 他们家19块鸡肉面好香 量好足 饿鬼快去呜呜 #上海旅游攻略 #人气酒吧推荐 #适合女生喝的酒 #酒吧 #周末探店 #上海探店 #探店 #今夜来一杯微醺酒 #聚会 #公路酒吧 #长乐路 #长乐路探店 #长乐路酒吧 #雞尾酒  #穷鬼鸡尾酒地图 @吃货薯,2023-03-26T00:00:00.000Z,http://sns-webpic-qc.xhscdn.com/202310250350/06dcdfebb96aadc8abe14b2a1cc3dc60/1000g00828c7ks3efk0004a785tl7uao43rtie90!nd_whgt34_webp_prv_1.jpg,1812,64201e140000000013002be8,5b4dea7ff7e8b931a88e2b04
653826e392db152759a288f0,52000,5292,The Drinkery,24,360,都2023了！我不允许在上海的姐妹居然还没体验过在俄罗斯酒吧喝酒的快乐 不仅酒要好喝，也要玩的痛快🤩人均50元的快乐它不香么？ #酒吧  #上海探店  #喝酒日常  #上海  #上海喝酒  #上海酒吧  #上海酒吧推荐  #上海人气酒吧  #魔都  #魔都探店  #喝酒要微醺  #今天你喝酒了吗  #周末去哪儿  #周末就是喝酒  #清吧  #上海清吧  #氛围感清吧  #俄罗斯  #俄罗斯帅哥  #战斗民族  #毛子  #185大帅哥  #帅哥  #帅哥美女都来这儿  #thedrinkery  #外国人  #外国帅哥,2023-01-28T00:00:00.000Z,http://sns-webpic-qc.xhscdn.com/202310250350/acc22e4148a0346a01c186722ca5e491/spectrum/1000g0k01v5j6dlof40005njsj9u08sk1a410i28!nd_whgt34_webp_prv_1.jpg,1809,63d4b2390000000008004ff7,5e7c9a7c0000000001007281
